
Restart file exists! 
Use dumps/rdump0 (0) or dumps/rdump1 (1)?   [0|1]  
G_tmp = 1.33333333333333325932e+00 
Katm[0] = 6.22744689487805466732e-02 
Katm[1] = 6.18610324532135186226e-02 
Katm[2] = 6.14503407379513519326e-02 
Katm[3] = 6.10423755805608661551e-02 
Katm[4] = 6.06371188795864907162e-02 
Katm[5] = 6.02345526537472059081e-02 
Katm[6] = 5.98346590411385562125e-02 
Katm[7] = 5.94374202984402702499e-02 
Katm[8] = 5.90428188001289253051e-02 
Katm[9] = 5.86508370376958992898e-02 
Katm[10] = 5.82614576188704713644e-02 
Katm[11] = 5.78746632668482308137e-02 
Katm[12] = 5.74904368195244055983e-02 
Katm[13] = 5.71087612287324505878e-02 
Katm[14] = 5.67296195594875207746e-02 
Katm[15] = 5.63529949892352180485e-02 
Katm[16] = 5.59788708071050009063e-02 
Katm[17] = 5.56072304131688677220e-02 
Katm[18] = 5.52380573177046821365e-02 
Katm[19] = 5.48713351404646748621e-02 
Katm[20] = 5.45070476099484974020e-02 
Katm[21] = 5.41451785626813550389e-02 
Katm[22] = 5.37857119424968027621e-02 
Katm[23] = 5.34286317998243151517e-02 
Katm[24] = 5.30739222909816441009e-02 
Katm[25] = 5.27215676774717562081e-02 
Katm[26] = 5.23715523252846343327e-02 
Katm[27] = 5.20238607042034575945e-02 
Katm[28] = 5.16784773871156247194e-02 
Katm[29] = 5.13353870493282044007e-02 
Katm[30] = 5.09945744678880069634e-02 
Katm[31] = 5.06560245209061107974e-02 
Katm[32] = 5.03197221868869407069e-02 
Katm[33] = 4.99856525440616414335e-02 
Katm[34] = 4.96538007697262390172e-02 
Katm[35] = 4.93241521395837087538e-02 
Katm[36] = 4.89966920270907754786e-02 
Katm[37] = 4.86714059028089812697e-02 
Katm[38] = 4.83482793337598054650e-02 
Katm[39] = 4.80272979827845516998e-02 
Katm[40] = 4.77084476079080305189e-02 
Katm[41] = 4.73917140617066204311e-02 
Katm[42] = 4.70770832906806588336e-02 
Katm[43] = 4.67645413346308436164e-02 
Katm[44] = 4.64540743260387495317e-02 
Katm[45] = 4.61456684894516189210e-02 
Katm[46] = 4.58393101408710937350e-02 
Katm[47] = 4.55349856871461039498e-02 
Katm[48] = 4.52326816253696487036e-02 
Katm[49] = 4.49323845422797407689e-02 
Katm[50] = 4.46340811136642506840e-02 
Katm[51] = 4.43377581037696782973e-02 
Katm[52] = 4.40434023647139627489e-02 
Katm[53] = 4.37510008359029700653e-02 
Katm[54] = 4.34605405434511371521e-02 
Katm[55] = 4.31720085996057101330e-02 
Katm[56] = 4.28853922021749864313e-02 
Katm[57] = 4.26006786339602552816e-02 
Katm[58] = 4.23178552621915060605e-02 
Katm[59] = 4.20369095379669807655e-02 
Katm[60] = 4.17578289956963000229e-02 
Katm[61] = 4.14806012525473707941e-02 
Katm[62] = 4.12052140078970410841e-02 
Katm[63] = 4.09316550427852726690e-02 
Katm[64] = 4.06599122193728873542e-02 
Katm[65] = 4.03899734804032059521e-02 
Katm[66] = 4.01218268486669069062e-02 
Katm[67] = 3.98554604264706180405e-02 
Katm[68] = 3.95908623951091165338e-02 
Katm[69] = 3.93280210143408179291e-02 
Katm[70] = 3.90669246218668872461e-02 
Katm[71] = 3.88075616328138681133e-02 
Katm[72] = 3.85499205392194968511e-02 
Katm[73] = 3.82939899095222566205e-02 
Katm[74] = 3.80397583880540679502e-02 
Katm[75] = 3.77872146945364487114e-02 
Katm[76] = 3.75363476235800117009e-02 
Katm[77] = 3.72871460441872998315e-02 
Katm[78] = 3.70395988992588617861e-02 
Katm[79] = 3.67936952051027069133e-02 
Katm[80] = 3.65494240509468965028e-02 
Katm[81] = 3.63067745984554587912e-02 
Katm[82] = 3.60657360812474958589e-02 
Katm[83] = 3.58262978044194754790e-02 
Katm[84] = 3.55884491440706732246e-02 
Katm[85] = 3.53521795468318550393e-02 
Katm[86] = 3.51174785293969227151e-02 
Katm[87] = 3.48843356780578622844e-02 
Katm[88] = 3.46527406482426414414e-02 
Katm[89] = 3.44226831640562155878e-02 
Katm[90] = 3.41941530178245939320e-02 
Katm[91] = 3.39671400696419240051e-02 
Katm[92] = 3.37416342469206292920e-02 
Katm[93] = 3.35176255439443640527e-02 
Katm[94] = 3.32951040214242224846e-02 
Katm[95] = 3.30740598060575777262e-02 
Katm[96] = 3.28544830900901196902e-02 
Katm[97] = 3.26363641308806129437e-02 
Katm[98] = 3.24196932504686313736e-02 
Katm[99] = 3.22044608351451724926e-02 
Katm[100] = 3.19906573350260611810e-02 
Katm[101] = 3.17782732636282400085e-02 
Katm[102] = 3.15672991974488767464e-02 
Katm[103] = 3.13577257755471364153e-02 
Katm[104] = 3.11495436991289925688e-02 
Katm[105] = 3.09427437311345296389e-02 
Katm[106] = 3.07373166958281214545e-02 
Katm[107] = 3.05332534783913089882e-02 
Katm[108] = 3.03305450245183703950e-02 
Katm[109] = 3.01291823400145764023e-02 
Katm[110] = 2.99291564903971206435e-02 
Katm[111] = 2.97304586004987041192e-02 
Katm[112] = 2.95330798540737356206e-02 
Katm[113] = 2.93370114934071481161e-02 
Katm[114] = 2.91422448189258311013e-02 
Katm[115] = 2.89487711888126234006e-02 
Katm[116] = 2.87565820186228560118e-02 
Katm[117] = 2.85656687809035039760e-02 
Katm[118] = 2.83760230048147703286e-02 
Katm[119] = 2.81876362757542756055e-02 
Katm[120] = 2.80005002349836829012e-02 
Katm[121] = 2.78146065792578209286e-02 
Katm[122] = 2.76299470604562703857e-02 
Katm[123] = 2.74465134852173997526e-02 
Katm[124] = 2.72642977145747776591e-02 
Katm[125] = 2.70832916635961526430e-02 
Katm[126] = 2.69034873010246082525e-02 
Katm[127] = 2.67248766489222785991e-02 
Katm[128] = 2.65474517823163676244e-02 
Katm[129] = 2.63712048288474686097e-02 
Katm[130] = 2.61961279684203504625e-02 
Katm[131] = 2.60222134328568777129e-02 
Katm[132] = 2.58494535055514181032e-02 
Katm[133] = 2.56778405211284047049e-02 
Katm[134] = 2.55073668651022641973e-02 
Katm[135] = 2.53380249735395586541e-02 
Katm[136] = 2.51698073327232818563e-02 
Katm[137] = 2.50027064788196258516e-02 
Katm[138] = 2.48367149975466799949e-02 
Katm[139] = 2.46718255238455239087e-02 
Katm[140] = 2.45080307415534506821e-02 
Katm[141] = 2.43453233830792960257e-02 
Katm[142] = 2.41836962290810156273e-02 
Katm[143] = 2.40231421081453129507e-02 
Katm[144] = 2.38636538964695291143e-02 
Katm[145] = 2.37052245175454652515e-02 
Katm[146] = 2.35478469418454773587e-02 
Katm[147] = 2.33915141865104966867e-02 
Katm[148] = 2.32362193150402775166e-02 
Katm[149] = 2.30819554369855496623e-02 
Katm[150] = 2.29287157076423636637e-02 
Katm[151] = 2.27764933277483337670e-02 
Katm[152] = 2.26252815431809764513e-02 
Katm[153] = 2.24750736446580022532e-02 
Katm[154] = 2.23258629674396892606e-02 
Katm[155] = 2.21776428910331023514e-02 
Katm[156] = 2.20304068388983594062e-02 
Katm[157] = 2.18841482781568716365e-02 
Katm[158] = 2.17388607193013706775e-02 
Katm[159] = 2.15945377159081179641e-02 
Katm[160] = 2.14511728643507655623e-02 
Katm[161] = 2.13087598035162535670e-02 
Katm[162] = 2.11672922145225844703e-02 
Katm[163] = 2.10267638204384398060e-02 
Katm[164] = 2.08871683860046494785e-02 
Katm[165] = 2.07484997173576282692e-02 
Katm[166] = 2.06107516617543978787e-02 
Katm[167] = 2.04739181072997288025e-02 
Katm[168] = 2.03379929826749059063e-02 
Katm[169] = 2.02029702568682877073e-02 
Katm[170] = 2.00688439389077946662e-02 
Katm[171] = 1.99356080775950628148e-02 
Katm[172] = 1.98032567612413737401e-02 
Katm[173] = 1.96717841174053331699e-02 
Katm[174] = 1.95411843126323606090e-02 
Katm[175] = 1.94114515521958304334e-02 
Katm[176] = 1.92825800798399615843e-02 
Katm[177] = 1.91545641775244142313e-02 
Katm[178] = 1.90273981651705829943e-02 
Katm[179] = 1.89010764004095381530e-02 
Katm[180] = 1.87755932783317362744e-02 
Katm[181] = 1.86509432312382816832e-02 
Katm[182] = 1.85271207283938983690e-02 
Katm[183] = 1.84041202757815464119e-02 
Katm[184] = 1.82819364158586031288e-02 
Katm[185] = 1.81605637273147858812e-02 
Katm[186] = 1.80399968248315493990e-02 
Katm[187] = 1.79202303588431692549e-02 
Katm[188] = 1.78012590152993484260e-02 
Katm[189] = 1.76830775154294891904e-02 
Katm[190] = 1.75656806155083979049e-02 
Katm[191] = 1.74490631066236759339e-02 
Katm[192] = 1.73332198144445989718e-02 
Katm[193] = 1.72181455989924951655e-02 
Katm[194] = 1.71038353544127399997e-02 
Katm[195] = 1.69902840087481112052e-02 
Katm[196] = 1.68774865237138679830e-02 
Katm[197] = 1.67654378944741173918e-02 
Katm[198] = 1.66541331494197870911e-02 
Katm[199] = 1.65435673499480066784e-02 
Katm[200] = 1.64337355902429947674e-02 
Katm[201] = 1.63246329970583997637e-02 
Katm[202] = 1.62162547295010665838e-02 
Katm[203] = 1.61085959788162362549e-02 
Katm[204] = 1.60016519681741749281e-02 
Katm[205] = 1.58954179524582669969e-02 
Katm[206] = 1.57898892180543988506e-02 
Katm[207] = 1.56850610826419004096e-02 
Katm[208] = 1.55809288949857356610e-02 
Katm[209] = 1.54774880347301416889e-02 
Katm[210] = 1.53747339121936329315e-02 
Katm[211] = 1.52726619681653186245e-02 
Katm[212] = 1.51712676737026635337e-02 
Katm[213] = 1.50705465299304994242e-02 
Katm[214] = 1.49704940678414364502e-02 
Katm[215] = 1.48711058480975530371e-02 
Katm[216] = 1.47723774608334145614e-02 
Katm[217] = 1.46743045254604329714e-02 
Katm[218] = 1.45768826904724944915e-02 
Katm[219] = 1.44801076332528554091e-02 
Katm[220] = 1.43839750598823926803e-02 
Katm[221] = 1.42884807049490358821e-02 
Katm[222] = 1.41936203313585349028e-02 
Katm[223] = 1.40993897301464662236e-02 
Katm[224] = 1.40057847202914656504e-02 
Katm[225] = 1.39128011485297169852e-02 
Katm[226] = 1.38204348891706931685e-02 
Katm[227] = 1.37286818439140458070e-02 
Katm[228] = 1.36375379416678287059e-02 
Katm[229] = 1.35469991383678298874e-02 
Katm[230] = 1.34570614167981265907e-02 
Katm[231] = 1.33677207864128753945e-02 
Katm[232] = 1.32789732831591917456e-02 
Katm[233] = 1.31908149693013409393e-02 
Katm[234] = 1.31032419332459612593e-02 
Katm[235] = 1.30162502893685361194e-02 
Katm[236] = 1.29298361778409729578e-02 
Katm[237] = 1.28439957644603443970e-02 
Katm[238] = 1.27587252404787795251e-02 
Katm[239] = 1.26740208224344497873e-02 
Katm[240] = 1.25898787519837084686e-02 
Katm[241] = 1.25062952957343265226e-02 
Katm[242] = 1.24232667450798420911e-02 
Katm[243] = 1.23407894160350185137e-02 
Katm[244] = 1.22588596490723726606e-02 
Katm[245] = 1.21774738089597996116e-02 
Katm[246] = 1.20966282845993040873e-02 
Katm[247] = 1.20163194888667397564e-02 
Katm[248] = 1.19365438584526639687e-02 
Katm[249] = 1.18572978537042350577e-02 
Katm[250] = 1.17785779584681643550e-02 
Katm[251] = 1.17003806799346864870e-02 
Katm[252] = 1.16227025484825999962e-02 
Katm[253] = 1.15455401175253019597e-02 
Katm[254] = 1.14688899633578825221e-02 
Katm[255] = 1.13927486850052012840e-02 
done with restart init.
LOG      t=42.9253 	 divbmax: 164 77 2.81977e-12
DUMP     file=dumps/dump002
Starting get_color_map().... 
Ending get_color_map().... 
h012f012    42.937    0.01124     3300          0
h012f012    42.948    0.01124     3301          0
h012f012    42.959    0.01124     3302          0
h012f012     42.97    0.01124     3303          0
h012f012    42.982    0.01124     3304          0
h012f012    42.993    0.01124     3305          0
h012f012    43.004    0.01124     3306          0
h012f012    43.015    0.01124     3307          0
h012f012    43.026    0.01124     3308          0
h012f012    43.038    0.01124     3309          0
h012f012    43.049    0.01124     3310          0
h012f012     43.06    0.01124     3311          0
h012f012    43.071    0.01124     3312          0
h012f012    43.083    0.01124     3313          0
h012f012    43.094   0.011241     3314          0
h012f012    43.105   0.011241     3315          0
h012f012    43.116   0.011241     3316          0
h012f012    43.128   0.011241     3317          0
h012f012    43.139   0.011241     3318          0
h012f012     43.15   0.011242     3319          0
h012f012    43.161   0.011242     3320          0
h012f012    43.173   0.011243     3321          0
h012f012    43.184   0.011244     3322          0
h012f012    43.195   0.011245     3323          0
h012f012    43.206   0.011246     3324          0
h012f012    43.218   0.011247     3325          0
h012f012    43.229   0.011248     3326          0
h012f012     43.24    0.01125     3327          0
h012f012    43.251   0.011251     3328          0
h012f012    43.263   0.011252     3329          0
h012f012    43.274   0.011253     3330          0
h012f012    43.285   0.011255     3331          0
h012f012    43.296   0.011256     3332          0
h012f012    43.308   0.011257     3333          0
h012f012    43.319   0.011258     3334          0
h012f012     43.33    0.01126     3335          0
h012f012    43.341   0.011261     3336          0
h012f012    43.353   0.011262     3337          0
h012f012    43.364   0.011263     3338          0
h012f012    43.375   0.011263     3339          0
h012f012    43.386   0.011264     3340          0
h012f012    43.398   0.011265     3341          0
h012f012    43.409   0.011265     3342          0
h012f012     43.42   0.011266     3343          0
h012f012    43.431   0.011267     3344          0
h012f012    43.443   0.011267     3345          0
h012f012    43.454   0.011268     3346          0
h012f012    43.465   0.011269     3347          0
h012f012    43.477    0.01127     3348          0
h012f012    43.488   0.011271     3349          0
h012f012    43.499   0.011272     3350          0
h012f012     43.51   0.011274     3351          0
h012f012    43.522   0.011275     3352          0
h012f012    43.533   0.011276     3353          0
h012f012    43.544   0.011277     3354          0
h012f012    43.555   0.011279     3355          0
h012f012    43.567    0.01128     3356          0
h012f012    43.578   0.011281     3357          0
h012f012    43.589   0.011283     3358          0
h012f012    43.601   0.011284     3359          0
h012f012    43.612   0.011286     3360          0
h012f012    43.623    0.01129     3361          0
h012f012    43.634   0.011294     3362          0
h012f012    43.646     0.0113     3363          0
h012f012    43.657   0.011314     3364          0
h012f012    43.668   0.011322     3365          0
h012f012     43.68   0.011324     3366          0
h012f012    43.691   0.011326     3367          0
h012f012    43.702   0.011325     3368          0
h012f012    43.714   0.011326     3369          0
h012f012    43.725   0.011326     3370          0
h012f012    43.736   0.011327     3371          0
h012f012    43.748   0.011327     3372          0
h012f012    43.759   0.011328     3373          0
h012f012     43.77    0.01133     3374          0
h012f012    43.782   0.011331     3375          0
h012f012    43.793   0.011333     3376          0
h012f012    43.804   0.011335     3377          0
h012f012    43.816   0.011338     3378          0
h012f012    43.827    0.01134     3379          0
h012f012    43.838   0.011342     3380          0
h012f012     43.85   0.011341     3381          0
h012f012    43.861    0.01134     3382          0
h012f012    43.872   0.011338     3383          0
h012f012    43.884   0.011335     3384          0
h012f012    43.895   0.011333     3385          0
h012f012    43.906   0.011331     3386          0
h012f012    43.918    0.01133     3387          0
h012f012    43.929   0.011329     3388          0
h012f012     43.94   0.011328     3389          0
h012f012    43.952   0.011328     3390          0
h012f012    43.963   0.011328     3391          0
h012f012    43.974   0.011327     3392          0
h012f012    43.986   0.011327     3393          0
h012f012    43.997   0.011327     3394          0
h012f012    44.008   0.011326     3395          0
h012f012     44.02   0.011326     3396          0
h012f012    44.031   0.011326     3397          0
h012f012    44.042   0.011325     3398          0
h012f012    44.054   0.011325     3399          0
RESTART file=dumps/rdump1
h012f012    44.065   0.011325     3400          0
h012f012    44.076   0.011324     3401          0
h012f012    44.088   0.011324     3402          0
h012f012    44.099   0.011324     3403          0
h012f012     44.11   0.011323     3404          0
h012f012    44.122   0.011323     3405          0
h012f012    44.133   0.011323     3406          0
h012f012    44.144   0.011322     3407          0
h012f012    44.155   0.011321     3408          0
h012f012    44.167    0.01132     3409          0
h012f012    44.178   0.011319     3410          0
h012f012    44.189   0.011319     3411          0
h012f012    44.201   0.011318     3412          0
h012f012    44.212   0.011318     3413          0
h012f012    44.223   0.011317     3414          0
h012f012    44.235   0.011316     3415          0
h012f012    44.246   0.011316     3416          0
h012f012    44.257   0.011315     3417          0
h012f012    44.269   0.011315     3418          0
h012f012     44.28   0.011314     3419          0
h012f012    44.291   0.011313     3420          0
h012f012    44.303   0.011312     3421          0
h012f012    44.314   0.011311     3422          0
h012f012    44.325   0.011311     3423          0
h012f012    44.337    0.01131     3424          0
h012f012    44.348   0.011309     3425          0
h012f012    44.359   0.011308     3426          0
h012f012     44.37   0.011307     3427          0
h012f012    44.382   0.011306     3428          0
h012f012    44.393   0.011305     3429          0
h012f012    44.404   0.011304     3430          0
h012f012    44.416   0.011304     3431          0
h012f012    44.427   0.011303     3432          0
h012f012    44.438   0.011302     3433          0
h012f012     44.45   0.011301     3434          0
h012f012    44.461   0.011304     3435          0
h012f012    44.472   0.011304     3436          0
h012f012    44.484   0.011303     3437          0
h012f012    44.495   0.011302     3438          0
h012f012    44.506   0.011302     3439          0
h012f012    44.517   0.011301     3440          0
h012f012    44.529   0.011301     3441          0
h012f012     44.54     0.0113     3442          0
h012f012    44.551     0.0113     3443          0
h012f012    44.563   0.011299     3444          0
h012f012    44.574   0.011299     3445          0
h012f012    44.585   0.011298     3446          0
h012f012    44.597   0.011297     3447          0
h012f012    44.608   0.011296     3448          0
h012f012    44.619   0.011296     3449          0
h012f012     44.63   0.011295     3450          0
h012f012    44.642   0.011294     3451          0
h012f012    44.653   0.011294     3452          0
h012f012    44.664   0.011293     3453          0
h012f012    44.676   0.011292     3454          0
h012f012    44.687   0.011292     3455          0
h012f012    44.698   0.011291     3456          0
h012f012    44.709    0.01129     3457          0
h012f012    44.721   0.011289     3458          0
h012f012    44.732   0.011288     3459          0
h012f012    44.743   0.011287     3460          0
h012f012    44.755   0.011287     3461          0
h012f012    44.766   0.011291     3462          0
h012f012    44.777   0.011291     3463          0
h012f012    44.788    0.01129     3464          0
h012f012      44.8    0.01129     3465          0
h012f012    44.811   0.011289     3466          0
h012f012    44.822   0.011289     3467          0
h012f012    44.834   0.011289     3468          0
h012f012    44.845   0.011289     3469          0
h012f012    44.856   0.011288     3470          0
h012f012    44.868   0.011288     3471          0
h012f012    44.879   0.011288     3472          0
h012f012     44.89   0.011288     3473          0
h012f012    44.901   0.011287     3474          0
h012f012    44.913   0.011287     3475          0
h012f012    44.924   0.011287     3476          0
h012f012    44.935   0.011286     3477          0
LOG      t=44.9352 	 divbmax: 164 77 2.73172e-12
h012f012    44.947   0.011286     3478          0
h012f012    44.958   0.011286     3479          0
h012f012    44.969   0.011285     3480          0
h012f012     44.98   0.011285     3481          0
h012f012    44.992   0.011285     3482          0
h012f012    45.003   0.011285     3483          0
h012f012    45.014   0.011284     3484          0
h012f012    45.026   0.011284     3485          0
h012f012    45.037   0.011284     3486          0
h012f012    45.048   0.011283     3487          0
h012f012    45.059   0.011283     3488          0
h012f012    45.071   0.011283     3489          0
h012f012    45.082   0.011283     3490          0
h012f012    45.093   0.011282     3491          0
h012f012    45.104   0.011282     3492          0
h012f012    45.116   0.011282     3493          0
h012f012    45.127   0.011281     3494          0
h012f012    45.138   0.011281     3495          0
h012f012     45.15   0.011281     3496          0
h012f012    45.161   0.011281     3497          0
h012f012    45.172   0.011281     3498          0
h012f012    45.183   0.011281     3499          0
RESTART  file=dumps/rdump0
h012f012    45.195    0.01128     3500          0
h012f012    45.206    0.01128     3501          0
h012f012    45.217    0.01128     3502          0
h012f012    45.229    0.01128     3503          0
h012f012     45.24   0.011279     3504          0
h012f012    45.251   0.011279     3505          0
h012f012    45.262   0.011279     3506          0
h012f012    45.274   0.011279     3507          0
h012f012    45.285   0.011278     3508          0
h012f012    45.296   0.011278     3509          0
h012f012    45.308   0.011278     3510          0
h012f012    45.319   0.011277     3511          0
h012f012     45.33   0.011277     3512          0
h012f012    45.341   0.011277     3513          0
h012f012    45.353   0.011277     3514          0
h012f012    45.364   0.011276     3515          0
h012f012    45.375   0.011276     3516          0
h012f012    45.386   0.011276     3517          0
h012f012    45.398   0.011276     3518          0
h012f012    45.409   0.011276     3519          0
h012f012     45.42   0.011276     3520          0
h012f012    45.432   0.011276     3521          0
h012f012    45.443   0.011276     3522          0
h012f012    45.454   0.011275     3523          0
h012f012    45.465   0.011275     3524          0
h012f012    45.477   0.011275     3525          0
h012f012    45.488   0.011275     3526          0
h012f012    45.499   0.011275     3527          0
h012f012    45.511   0.011275     3528          0
h012f012    45.522   0.011275     3529          0
h012f012    45.533   0.011276     3530          0
h012f012    45.544   0.011276     3531          0
h012f012    45.556   0.011276     3532          0
h012f012    45.567   0.011277     3533          0
h012f012    45.578   0.011277     3534          0
h012f012    45.589   0.011278     3535          0
h012f012    45.601   0.011279     3536          0
h012f012    45.612    0.01128     3537          0
h012f012    45.623   0.011281     3538          0
h012f012    45.635   0.011282     3539          0
h012f012    45.646   0.011283     3540          0
h012f012    45.657   0.011285     3541          0
h012f012    45.668   0.011286     3542          0
h012f012     45.68   0.011288     3543          0
h012f012    45.691   0.011289     3544          0
h012f012    45.702   0.011291     3545          0
h012f012    45.714   0.011293     3546          0
h012f012    45.725   0.011294     3547          0
h012f012    45.736   0.011296     3548          0
h012f012    45.747   0.011298     3549          0
h012f012    45.759     0.0113     3550          0
h012f012     45.77   0.011302     3551          0
h012f012    45.781   0.011304     3552          0
h012f012    45.793   0.011306     3553          0
h012f012    45.804   0.011308     3554          0
h012f012    45.815   0.011311     3555          0
h012f012    45.827   0.011313     3556          0
h012f012    45.838   0.011315     3557          0
h012f012    45.849   0.011318     3558          0
h012f012    45.861    0.01132     3559          0
h012f012    45.872   0.011323     3560          0
h012f012    45.883   0.011325     3561          0
h012f012    45.894   0.011328     3562          0
h012f012    45.906   0.011331     3563          0
h012f012    45.917   0.011334     3564          0
h012f012    45.928   0.011341     3565          0
h012f012     45.94   0.011349     3566          0
h012f012    45.951    0.01137     3567          0
h012f012    45.963   0.011375     3568          0
h012f012    45.974   0.011376     3569          0
h012f012    45.985   0.011378     3570          0
h012f012    45.997    0.01138     3571          0
h012f012    46.008   0.011383     3572          0
h012f012    46.019   0.011387     3573          0
h012f012    46.031   0.011392     3574          0
h012f012    46.042   0.011397     3575          0
h012f012    46.054   0.011397     3576          0
h012f012    46.065   0.011396     3577          0
h012f012    46.076   0.011394     3578          0
h012f012    46.088   0.011392     3579          0
h012f012    46.099   0.011388     3580          0
h012f012    46.111   0.011383     3581          0
h012f012    46.122   0.011382     3582          0
h012f012    46.133   0.011381     3583          0
h012f012    46.145    0.01138     3584          0
h012f012    46.156   0.011379     3585          0
h012f012    46.167   0.011379     3586          0
h012f012    46.179   0.011379     3587          0
h012f012     46.19   0.011378     3588          0
h012f012    46.202   0.011378     3589          0
h012f012    46.213   0.011378     3590          0
h012f012    46.224   0.011377     3591          0
h012f012    46.236   0.011377     3592          0
h012f012    46.247   0.011377     3593          0
h012f012    46.258   0.011376     3594          0
h012f012     46.27   0.011375     3595          0
h012f012    46.281   0.011374     3596          0
h012f012    46.293   0.011373     3597          0
h012f012    46.304   0.011373     3598          0
h012f012    46.315   0.011373     3599          0
RESTART file=dumps/rdump1
h012f012    46.327   0.011372     3600          0
h012f012    46.338   0.011372     3601          0
h012f012    46.349   0.011372     3602          0
h012f012    46.361   0.011372     3603          0
h012f012    46.372   0.011371     3604          0
h012f012    46.384   0.011371     3605          0
h012f012    46.395   0.011371     3606          0
h012f012    46.406   0.011372     3607          0
h012f012    46.418   0.011372     3608          0
h012f012    46.429   0.011372     3609          0
h012f012     46.44   0.011372     3610          0
h012f012    46.452   0.011371     3611          0
h012f012    46.463   0.011371     3612          0
h012f012    46.475    0.01137     3613          0
h012f012    46.486    0.01137     3614          0
h012f012    46.497   0.011369     3615          0
h012f012    46.509   0.011369     3616          0
h012f012     46.52   0.011368     3617          0
h012f012    46.531   0.011368     3618          0
h012f012    46.543   0.011368     3619          0
h012f012    46.554   0.011367     3620          0
h012f012    46.566   0.011369     3621          0
h012f012    46.577   0.011371     3622          0
h012f012    46.588   0.011371     3623          0
h012f012      46.6   0.011372     3624          0
h012f012    46.611   0.011372     3625          0
h012f012    46.622   0.011372     3626          0
h012f012    46.634   0.011373     3627          0
h012f012    46.645   0.011373     3628          0
h012f012    46.656   0.011373     3629          0
h012f012    46.668   0.011373     3630          0
h012f012    46.679   0.011374     3631          0
h012f012    46.691   0.011374     3632          0
h012f012    46.702   0.011374     3633          0
h012f012    46.713   0.011374     3634          0
h012f012    46.725   0.011374     3635          0
h012f012    46.736   0.011374     3636          0
h012f012    46.747   0.011374     3637          0
h012f012    46.759   0.011374     3638          0
h012f012     46.77   0.011374     3639          0
h012f012    46.782   0.011374     3640          0
h012f012    46.793   0.011374     3641          0
h012f012    46.804   0.011374     3642          0
h012f012    46.816   0.011374     3643          0
h012f012    46.827   0.011374     3644          0
h012f012    46.838   0.011374     3645          0
h012f012     46.85   0.011374     3646          0
h012f012    46.861   0.011375     3647          0
h012f012    46.873   0.011375     3648          0
h012f012    46.884   0.011375     3649          0
h012f012    46.895   0.011375     3650          0
h012f012    46.907   0.011376     3651          0
h012f012    46.918   0.011376     3652          0
h012f012    46.929   0.011377     3653          0
LOG      t=46.9295 	 divbmax: 139 102 2.76668e-12
h012f012    46.941   0.011377     3654          0
h012f012    46.952   0.011378     3655          0
h012f012    46.964   0.011379     3656          0
h012f012    46.975    0.01138     3657          0
h012f012    46.986   0.011381     3658          0
h012f012    46.998   0.011382     3659          0
h012f012    47.009   0.011383     3660          0
h012f012    47.021   0.011384     3661          0
h012f012    47.032   0.011386     3662          0
h012f012    47.043   0.011387     3663          0
h012f012    47.055   0.011389     3664          0
h012f012    47.066    0.01139     3665          0
h012f012    47.077   0.011392     3666          0
h012f012    47.089   0.011394     3667          0
h012f012      47.1   0.011395     3668          0
h012f012    47.112   0.011397     3669          0
h012f012    47.123   0.011399     3670          0
h012f012    47.134   0.011401     3671          0
h012f012    47.146   0.011403     3672          0
h012f012    47.157   0.011405     3673          0
h012f012    47.169   0.011407     3674          0
h012f012     47.18   0.011408     3675          0
h012f012    47.191    0.01141     3676          0
h012f012    47.203   0.011412     3677          0
h012f012    47.214   0.011415     3678          0
h012f012    47.226   0.011417     3679          0
h012f012    47.237   0.011419     3680          0
h012f012    47.249   0.011422     3681          0
h012f012     47.26   0.011424     3682          0
h012f012    47.271   0.011427     3683          0
h012f012    47.283   0.011431     3684          0
h012f012    47.294   0.011436     3685          0
h012f012    47.306   0.011444     3686          0
h012f012    47.317   0.011453     3687          0
h012f012    47.329   0.011476     3688          0
h012f012     47.34    0.01148     3689          0
h012f012    47.352    0.01148     3690          0
h012f012    47.363   0.011483     3691          0
h012f012    47.374   0.011487     3692          0
h012f012    47.386    0.01149     3693          0
h012f012    47.397   0.011492     3694          0
h012f012    47.409   0.011494     3695          0
h012f012     47.42   0.011497     3696          0
h012f012    47.432   0.011498     3697          0
h012f012    47.443   0.011497     3698          0
h012f012    47.455   0.011496     3699          0
RESTART  file=dumps/rdump0
h012f012    47.466   0.011495     3700          0
h012f012    47.478   0.011494     3701          0
h012f012    47.489   0.011493     3702          0
h012f012    47.501   0.011492     3703          0
h012f012    47.512   0.011491     3704          0
h012f012    47.524   0.011489     3705          0
h012f012    47.535   0.011488     3706          0
h012f012    47.547   0.011486     3707          0
h012f012    47.558   0.011484     3708          0
h012f012     47.57   0.011482     3709          0
h012f012    47.581   0.011481     3710          0
h012f012    47.593    0.01148     3711          0
h012f012    47.604    0.01148     3712          0
h012f012    47.616   0.011479     3713          0
h012f012    47.627   0.011479     3714          0
h012f012    47.639   0.011479     3715          0
h012f012     47.65   0.011478     3716          0
h012f012    47.662   0.011478     3717          0
h012f012    47.673   0.011478     3718          0
h012f012    47.685   0.011477     3719          0
h012f012    47.696   0.011477     3720          0
h012f012    47.708   0.011477     3721          0
h012f012    47.719   0.011476     3722          0
h012f012    47.731   0.011476     3723          0
h012f012    47.742   0.011475     3724          0
h012f012    47.753   0.011475     3725          0
h012f012    47.765   0.011475     3726          0
h012f012    47.776   0.011475     3727          0
h012f012    47.788   0.011474     3728          0
h012f012    47.799   0.011474     3729          0
h012f012    47.811   0.011474     3730          0
h012f012    47.822   0.011473     3731          0
h012f012    47.834   0.011473     3732          0
h012f012    47.845   0.011473     3733          0
h012f012    47.857   0.011473     3734          0
h012f012    47.868   0.011472     3735          0
h012f012     47.88   0.011472     3736          0
h012f012    47.891   0.011472     3737          0
h012f012    47.903   0.011472     3738          0
h012f012    47.914   0.011471     3739          0
h012f012    47.926   0.011471     3740          0
h012f012    47.937   0.011471     3741          0
h012f012    47.949   0.011471     3742          0
h012f012     47.96    0.01147     3743          0
h012f012    47.971    0.01147     3744          0
h012f012    47.983    0.01147     3745          0
h012f012    47.994    0.01147     3746          0
h012f012    48.006   0.011469     3747          0
h012f012    48.017   0.011469     3748          0
h012f012    48.029   0.011469     3749          0
h012f012     48.04   0.011469     3750          0
h012f012    48.052   0.011468     3751          0
h012f012    48.063   0.011468     3752          0
h012f012    48.075   0.011468     3753          0
h012f012    48.086   0.011468     3754          0
h012f012    48.098   0.011467     3755          0
h012f012    48.109   0.011467     3756          0
h012f012    48.121   0.011467     3757          0
h012f012    48.132   0.011467     3758          0
h012f012    48.143   0.011467     3759          0
h012f012    48.155   0.011466     3760          0
h012f012    48.166   0.011466     3761          0
h012f012    48.178   0.011466     3762          0
h012f012    48.189   0.011466     3763          0
h012f012    48.201   0.011465     3764          0
h012f012    48.212   0.011465     3765          0
h012f012    48.224   0.011465     3766          0
h012f012    48.235   0.011465     3767          0
h012f012    48.247   0.011465     3768          0
h012f012    48.258   0.011464     3769          0
h012f012     48.27   0.011464     3770          0
h012f012    48.281   0.011464     3771          0
h012f012    48.293   0.011464     3772          0
h012f012    48.304   0.011464     3773          0
h012f012    48.315   0.011464     3774          0
h012f012    48.327   0.011463     3775          0
h012f012    48.338   0.011463     3776          0
h012f012     48.35   0.011463     3777          0
h012f012    48.361   0.011463     3778          0
h012f012    48.373   0.011463     3779          0
h012f012    48.384   0.011462     3780          0
h012f012    48.396   0.011462     3781          0
h012f012    48.407   0.011462     3782          0
h012f012    48.419   0.011462     3783          0
h012f012     48.43   0.011462     3784          0
h012f012    48.442   0.011461     3785          0
h012f012    48.453   0.011461     3786          0
h012f012    48.464   0.011461     3787          0
h012f012    48.476   0.011461     3788          0
h012f012    48.487   0.011461     3789          0
h012f012    48.499   0.011461     3790          0
h012f012     48.51    0.01146     3791          0
h012f012    48.522    0.01146     3792          0
h012f012    48.533    0.01146     3793          0
h012f012    48.545    0.01146     3794          0
h012f012    48.556    0.01146     3795          0
h012f012    48.568   0.011459     3796          0
h012f012    48.579   0.011459     3797          0
h012f012    48.591   0.011459     3798          0
h012f012    48.602   0.011459     3799          0
RESTART file=dumps/rdump1
h012f012    48.613   0.011459     3800          0
h012f012    48.625   0.011459     3801          0
h012f012    48.636   0.011458     3802          0
h012f012    48.648   0.011458     3803          0
h012f012    48.659   0.011458     3804          0
h012f012    48.671   0.011458     3805          0
h012f012    48.682   0.011458     3806          0
h012f012    48.694   0.011457     3807          0
h012f012    48.705   0.011457     3808          0
h012f012    48.717   0.011457     3809          0
h012f012    48.728   0.011457     3810          0
h012f012     48.74   0.011457     3811          0
h012f012    48.751   0.011456     3812          0
h012f012    48.762   0.011456     3813          0
h012f012    48.774   0.011456     3814          0
h012f012    48.785   0.011456     3815          0
h012f012    48.797   0.011456     3816          0
h012f012    48.808   0.011456     3817          0
h012f012     48.82   0.011455     3818          0
h012f012    48.831   0.011455     3819          0
h012f012    48.843   0.011455     3820          0
h012f012    48.854   0.011455     3821          0
h012f012    48.866   0.011455     3822          0
h012f012    48.877   0.011454     3823          0
h012f012    48.888   0.011454     3824          0
h012f012      48.9   0.011453     3825          0
h012f012    48.911   0.011453     3826          0
h012f012    48.923   0.011452     3827          0
h012f012    48.934   0.011451     3828          0
LOG      t=48.9342 	 divbmax: 139 102 2.87081e-12
h012f012    48.946    0.01145     3829          0
h012f012    48.957    0.01145     3830          0
h012f012    48.969    0.01145     3831          0
h012f012     48.98    0.01145     3832          0
h012f012    48.991   0.011449     3833          0
h012f012    49.003   0.011449     3834          0
h012f012    49.014   0.011449     3835          0
h012f012    49.026   0.011449     3836          0
h012f012    49.037   0.011449     3837          0
h012f012    49.049   0.011449     3838          0
h012f012     49.06   0.011449     3839          0
h012f012    49.072   0.011449     3840          0
h012f012    49.083   0.011448     3841          0
h012f012    49.095   0.011448     3842          0
h012f012    49.106   0.011448     3843          0
h012f012    49.117   0.011448     3844          0
h012f012    49.129   0.011448     3845          0
h012f012     49.14   0.011448     3846          0
h012f012    49.152   0.011448     3847          0
h012f012    49.163   0.011448     3848          0
h012f012    49.175   0.011448     3849          0
h012f012    49.186   0.011448     3850          0
h012f012    49.198   0.011448     3851          0
h012f012    49.209   0.011447     3852          0
h012f012     49.22   0.011447     3853          0
h012f012    49.232   0.011447     3854          0
h012f012    49.243   0.011446     3855          0
h012f012    49.255   0.011446     3856          0
h012f012    49.266   0.011446     3857          0
h012f012    49.278   0.011446     3858          0
h012f012    49.289   0.011445     3859          0
h012f012    49.301   0.011445     3860          0
h012f012    49.312   0.011448     3861          0
h012f012    49.323   0.011448     3862          0
h012f012    49.335   0.011448     3863          0
h012f012    49.346   0.011447     3864          0
h012f012    49.358   0.011447     3865          0
h012f012    49.369   0.011447     3866          0
h012f012    49.381   0.011446     3867          0
h012f012    49.392   0.011446     3868          0
h012f012    49.404   0.011445     3869          0
h012f012    49.415   0.011445     3870          0
h012f012    49.426   0.011446     3871          0
h012f012    49.438   0.011447     3872          0
h012f012    49.449   0.011447     3873          0
h012f012    49.461   0.011447     3874          0
h012f012    49.472   0.011447     3875          0
h012f012    49.484   0.011448     3876          0
h012f012    49.495   0.011448     3877          0
h012f012    49.507   0.011448     3878          0
h012f012    49.518   0.011449     3879          0
h012f012     49.53   0.011449     3880          0
h012f012    49.541   0.011449     3881          0
h012f012    49.552   0.011449     3882          0
h012f012    49.564    0.01145     3883          0
h012f012    49.575    0.01145     3884          0
h012f012    49.587    0.01145     3885          0
h012f012    49.598   0.011451     3886          0
h012f012     49.61   0.011451     3887          0
h012f012    49.621   0.011451     3888          0
h012f012    49.633   0.011451     3889          0
h012f012    49.644   0.011452     3890          0
h012f012    49.655   0.011452     3891          0
h012f012    49.667   0.011453     3892          0
h012f012    49.678   0.011453     3893          0
h012f012     49.69   0.011454     3894          0
h012f012    49.701   0.011455     3895          0
h012f012    49.713   0.011455     3896          0
h012f012    49.724   0.011456     3897          0
h012f012    49.736   0.011457     3898          0
h012f012    49.747   0.011458     3899          0
RESTART  file=dumps/rdump0
h012f012    49.759   0.011459     3900          0
h012f012     49.77   0.011461     3901          0
h012f012    49.781   0.011462     3902          0
h012f012    49.793   0.011464     3903          0
h012f012    49.804   0.011465     3904          0
h012f012    49.816   0.011467     3905          0
h012f012    49.827   0.011468     3906          0
h012f012    49.839   0.011469     3907          0
h012f012     49.85    0.01147     3908          0
h012f012    49.862   0.011472     3909          0
h012f012    49.873   0.011473     3910          0
h012f012    49.885   0.011474     3911          0
h012f012    49.896   0.011475     3912          0
h012f012    49.908   0.011476     3913          0
h012f012    49.919   0.011477     3914          0
h012f012    49.931   0.011478     3915          0
h012f012    49.942   0.011479     3916          0
h012f012    49.954    0.01148     3917          0
h012f012    49.965   0.011481     3918          0
h012f012    49.977   0.011482     3919          0
h012f012    49.988   0.011483     3920          0
h012f012    49.999   0.011484     3921          0
h012f012    50.011   0.011484     3922          0
h012f012    50.022   0.011485     3923          0
h012f012    50.034   0.011486     3924          0
h012f012    50.045   0.011487     3925          0
h012f012    50.057   0.011488     3926          0
h012f012    50.068   0.011489     3927          0
h012f012     50.08    0.01149     3928          0
h012f012    50.091   0.011492     3929          0
h012f012    50.103   0.011493     3930          0
h012f012    50.114   0.011494     3931          0
h012f012    50.126   0.011495     3932          0
h012f012    50.137   0.011497     3933          0
h012f012    50.149   0.011498     3934          0
h012f012     50.16   0.011499     3935          0
h012f012    50.172   0.011501     3936          0
h012f012    50.183   0.011502     3937          0
h012f012    50.195   0.011503     3938          0
h012f012    50.206   0.011505     3939          0
h012f012    50.218   0.011507     3940          0
h012f012    50.229    0.01151     3941          0
h012f012    50.241   0.011514     3942          0
h012f012    50.252   0.011518     3943          0
h012f012    50.264   0.011523     3944          0
h012f012    50.275   0.011535     3945          0
h012f012    50.287   0.011537     3946          0
h012f012    50.298   0.011539     3947          0
h012f012     50.31   0.011541     3948          0
h012f012    50.322   0.011542     3949          0
h012f012    50.333   0.011542     3950          0
h012f012    50.345   0.011544     3951          0
h012f012    50.356   0.011547     3952          0
h012f012    50.368    0.01155     3953          0
h012f012    50.379   0.011553     3954          0
h012f012    50.391   0.011554     3955          0
h012f012    50.402   0.011555     3956          0
h012f012    50.414   0.011554     3957          0
h012f012    50.426   0.011553     3958          0
h012f012    50.437   0.011552     3959          0
h012f012    50.449   0.011551     3960          0
h012f012     50.46   0.011551     3961          0
h012f012    50.472    0.01155     3962          0
h012f012    50.483    0.01155     3963          0
h012f012    50.495    0.01155     3964          0
h012f012    50.506    0.01155     3965          0
h012f012    50.518    0.01155     3966          0
h012f012    50.529   0.011549     3967          0
h012f012    50.541   0.011549     3968          0
h012f012    50.553   0.011549     3969          0
h012f012    50.564   0.011549     3970          0
h012f012    50.576   0.011548     3971          0
h012f012    50.587   0.011548     3972          0
h012f012    50.599   0.011548     3973          0
h012f012     50.61   0.011547     3974          0
h012f012    50.622   0.011547     3975          0
h012f012    50.633   0.011547     3976          0
h012f012    50.645   0.011547     3977          0
h012f012    50.656   0.011546     3978          0
h012f012    50.668   0.011546     3979          0
h012f012     50.68   0.011546     3980          0
h012f012    50.691   0.011545     3981          0
h012f012    50.703   0.011544     3982          0
h012f012    50.714   0.011543     3983          0
h012f012    50.726   0.011543     3984          0
h012f012    50.737   0.011542     3985          0
h012f012    50.749   0.011542     3986          0
h012f012     50.76   0.011541     3987          0
h012f012    50.772    0.01154     3988          0
h012f012    50.783   0.011539     3989          0
h012f012    50.795   0.011539     3990          0
h012f012    50.807   0.011539     3991          0
h012f012    50.818   0.011539     3992          0
h012f012     50.83   0.011538     3993          0
h012f012    50.841   0.011538     3994          0
h012f012    50.853   0.011538     3995          0
h012f012    50.864   0.011537     3996          0
h012f012    50.876   0.011537     3997          0
h012f012    50.887   0.011537     3998          0
h012f012    50.899   0.011537     3999          0
RESTART file=dumps/rdump1
h012f012     50.91   0.011536     4000          0
h012f012    50.922   0.011536     4001          0
h012f012    50.933   0.011536     4002          0
LOG      t=50.9335 	 divbmax: 175 74 2.76401e-12
h012f012    50.945   0.011536     4003          0
h012f012    50.957   0.011535     4004          0
h012f012    50.968   0.011535     4005          0
h012f012     50.98   0.011535     4006          0
h012f012    50.991   0.011535     4007          0
h012f012    51.003   0.011534     4008          0
h012f012    51.014   0.011534     4009          0
h012f012    51.026   0.011533     4010          0
h012f012    51.037   0.011533     4011          0
h012f012    51.049   0.011532     4012          0
h012f012     51.06   0.011531     4013          0
h012f012    51.072    0.01153     4014          0
h012f012    51.083    0.01153     4015          0
h012f012    51.095   0.011531     4016          0
h012f012    51.106   0.011531     4017          0
h012f012    51.118   0.011531     4018          0
h012f012     51.13   0.011531     4019          0
h012f012    51.141   0.011531     4020          0
h012f012    51.153   0.011531     4021          0
h012f012    51.164   0.011531     4022          0
h012f012    51.176   0.011531     4023          0
h012f012    51.187   0.011531     4024          0
h012f012    51.199   0.011531     4025          0
h012f012     51.21   0.011531     4026          0
h012f012    51.222   0.011532     4027          0
h012f012    51.233   0.011532     4028          0
h012f012    51.245   0.011532     4029          0
h012f012    51.256   0.011532     4030          0
h012f012    51.268   0.011532     4031          0
h012f012    51.279   0.011533     4032          0
h012f012    51.291   0.011533     4033          0
h012f012    51.302   0.011534     4034          0
h012f012    51.314   0.011534     4035          0
h012f012    51.326   0.011535     4036          0
h012f012    51.337   0.011536     4037          0
h012f012    51.349   0.011536     4038          0
h012f012     51.36   0.011537     4039          0
h012f012    51.372   0.011538     4040          0
h012f012    51.383   0.011539     4041          0
h012f012    51.395    0.01154     4042          0
h012f012    51.406   0.011542     4043          0
h012f012    51.418   0.011543     4044          0
h012f012    51.429   0.011545     4045          0
h012f012    51.441   0.011547     4046          0
h012f012    51.453   0.011548     4047          0
h012f012    51.464    0.01155     4048          0
h012f012    51.476   0.011552     4049          0
h012f012    51.487   0.011554     4050          0
h012f012    51.499   0.011556     4051          0
h012f012     51.51   0.011558     4052          0
h012f012    51.522    0.01156     4053          0
h012f012    51.533   0.011562     4054          0
h012f012    51.545   0.011564     4055          0
h012f012    51.557   0.011567     4056          0
h012f012    51.568   0.011569     4057          0
h012f012     51.58   0.011572     4058          0
h012f012    51.591   0.011574     4059          0
h012f012    51.603   0.011577     4060          0
h012f012    51.614    0.01158     4061          0
h012f012    51.626   0.011582     4062          0
h012f012    51.638   0.011585     4063          0
h012f012    51.649   0.011588     4064          0
h012f012    51.661    0.01159     4065          0
h012f012    51.672   0.011594     4066          0
h012f012    51.684   0.011598     4067          0
h012f012    51.695   0.011605     4068          0
h012f012    51.707   0.011614     4069          0
h012f012    51.719   0.011636     4070          0
h012f012     51.73   0.011642     4071          0
h012f012    51.742   0.011643     4072          0
h012f012    51.754   0.011645     4073          0
h012f012    51.765   0.011648     4074          0
h012f012    51.777   0.011651     4075          0
h012f012    51.789   0.011654     4076          0
h012f012      51.8   0.011659     4077          0
h012f012    51.812   0.011664     4078          0
h012f012    51.824   0.011663     4079          0
h012f012    51.835   0.011662     4080          0
h012f012    51.847   0.011661     4081          0
h012f012    51.859   0.011661     4082          0
h012f012     51.87   0.011661     4083          0
h012f012    51.882    0.01166     4084          0
h012f012    51.894    0.01166     4085          0
h012f012    51.905   0.011659     4086          0
h012f012    51.917   0.011658     4087          0
h012f012    51.928   0.011658     4088          0
h012f012     51.94   0.011657     4089          0
h012f012    51.952   0.011656     4090          0
h012f012    51.963   0.011655     4091          0
h012f012    51.975   0.011654     4092          0
h012f012    51.987    0.01165     4093          0
h012f012    51.998   0.011648     4094          0
h012f012     52.01   0.011646     4095          0
h012f012    52.022   0.011645     4096          0
h012f012    52.033   0.011644     4097          0
h012f012    52.045   0.011644     4098          0
h012f012    52.057   0.011643     4099          0
RESTART  file=dumps/rdump0
h012f012    52.068   0.011643     4100          0
h012f012     52.08   0.011642     4101          0
h012f012    52.092   0.011642     4102          0
h012f012    52.103   0.011642     4103          0
h012f012    52.115   0.011641     4104          0
h012f012    52.127   0.011641     4105          0
h012f012    52.138   0.011641     4106          0
h012f012     52.15    0.01164     4107          0
h012f012    52.161    0.01164     4108          0
h012f012    52.173    0.01164     4109          0
h012f012    52.185   0.011639     4110          0
h012f012    52.196   0.011639     4111          0
h012f012    52.208   0.011639     4112          0
h012f012     52.22   0.011638     4113          0
h012f012    52.231   0.011638     4114          0
h012f012    52.243   0.011638     4115          0
h012f012    52.255   0.011637     4116          0
h012f012    52.266   0.011637     4117          0
h012f012    52.278   0.011637     4118          0
h012f012    52.289   0.011636     4119          0
h012f012    52.301   0.011636     4120          0
h012f012    52.313   0.011636     4121          0
h012f012    52.324   0.011635     4122          0
h012f012    52.336   0.011635     4123          0
h012f012    52.348   0.011635     4124          0
h012f012    52.359   0.011635     4125          0
h012f012    52.371   0.011634     4126          0
h012f012    52.383   0.011634     4127          0
h012f012    52.394   0.011634     4128          0
h012f012    52.406   0.011633     4129          0
h012f012    52.417   0.011633     4130          0
h012f012    52.429   0.011633     4131          0
h012f012    52.441   0.011632     4132          0
h012f012    52.452   0.011632     4133          0
h012f012    52.464   0.011632     4134          0
h012f012    52.476   0.011632     4135          0
h012f012    52.487   0.011631     4136          0
h012f012    52.499   0.011631     4137          0
h012f012     52.51   0.011631     4138          0
h012f012    52.522   0.011631     4139          0
h012f012    52.534    0.01163     4140          0
h012f012    52.545    0.01163     4141          0
h012f012    52.557    0.01163     4142          0
h012f012    52.569    0.01163     4143          0
h012f012     52.58   0.011629     4144          0
h012f012    52.592   0.011629     4145          0
h012f012    52.604   0.011629     4146          0
h012f012    52.615   0.011629     4147          0
h012f012    52.627   0.011628     4148          0
h012f012    52.638   0.011628     4149          0
h012f012     52.65   0.011628     4150          0
h012f012    52.662   0.011628     4151          0
h012f012    52.673   0.011627     4152          0
h012f012    52.685   0.011627     4153          0
h012f012    52.697   0.011627     4154          0
h012f012    52.708   0.011627     4155          0
h012f012     52.72   0.011626     4156          0
h012f012    52.731   0.011626     4157          0
h012f012    52.743   0.011626     4158          0
h012f012    52.755   0.011626     4159          0
h012f012    52.766   0.011626     4160          0
h012f012    52.778   0.011625     4161          0
h012f012     52.79   0.011625     4162          0
h012f012    52.801   0.011625     4163          0
h012f012    52.813   0.011625     4164          0
h012f012    52.824   0.011624     4165          0
h012f012    52.836   0.011624     4166          0
h012f012    52.848   0.011624     4167          0
h012f012    52.859   0.011624     4168          0
h012f012    52.871   0.011624     4169          0
h012f012    52.883   0.011623     4170          0
h012f012    52.894   0.011623     4171          0
h012f012    52.906   0.011623     4172          0
h012f012    52.917   0.011623     4173          0
h012f012    52.929   0.011623     4174          0
LOG      t=52.929 	 divbmax: 175 74 2.81819e-12
h012f012    52.941   0.011622     4175          0
h012f012    52.952   0.011622     4176          0
h012f012    52.964   0.011622     4177          0
h012f012    52.976   0.011622     4178          0
h012f012    52.987   0.011622     4179          0
h012f012    52.999   0.011621     4180          0
h012f012     53.01   0.011621     4181          0
h012f012    53.022   0.011621     4182          0
h012f012    53.034   0.011621     4183          0
h012f012    53.045   0.011621     4184          0
h012f012    53.057    0.01162     4185          0
h012f012    53.069    0.01162     4186          0
h012f012     53.08    0.01162     4187          0
h012f012    53.092    0.01162     4188          0
h012f012    53.103    0.01162     4189          0
h012f012    53.115    0.01162     4190          0
h012f012    53.127   0.011619     4191          0
h012f012    53.138   0.011619     4192          0
h012f012     53.15   0.011619     4193          0
h012f012    53.161   0.011619     4194          0
h012f012    53.173   0.011619     4195          0
h012f012    53.185   0.011619     4196          0
h012f012    53.196   0.011618     4197          0
h012f012    53.208   0.011618     4198          0
h012f012     53.22   0.011618     4199          0
RESTART file=dumps/rdump1
h012f012    53.231   0.011618     4200          0
h012f012    53.243   0.011618     4201          0
h012f012    53.254   0.011618     4202          0
h012f012    53.266   0.011617     4203          0
h012f012    53.278   0.011616     4204          0
h012f012    53.289   0.011616     4205          0
h012f012    53.301   0.011616     4206          0
h012f012    53.312   0.011615     4207          0
h012f012    53.324   0.011615     4208          0
h012f012    53.336   0.011615     4209          0
h012f012    53.347   0.011615     4210          0
h012f012    53.359   0.011614     4211          0
h012f012    53.371   0.011614     4212          0
h012f012    53.382   0.011614     4213          0
h012f012    53.394   0.011613     4214          0
h012f012    53.405   0.011613     4215          0
h012f012    53.417   0.011612     4216          0
h012f012    53.429   0.011612     4217          0
h012f012     53.44   0.011611     4218          0
h012f012    53.452   0.011611     4219          0
h012f012    53.463   0.011611     4220          0
h012f012    53.475    0.01161     4221          0
h012f012    53.487    0.01161     4222          0
h012f012    53.498   0.011609     4223          0
h012f012     53.51   0.011609     4224          0
h012f012    53.522   0.011608     4225          0
h012f012    53.533   0.011608     4226          0
h012f012    53.545   0.011608     4227          0
h012f012    53.556   0.011607     4228          0
h012f012    53.568   0.011607     4229          0
h012f012     53.58   0.011606     4230          0
h012f012    53.591   0.011605     4231          0
h012f012    53.603   0.011604     4232          0
h012f012    53.614   0.011603     4233          0
h012f012    53.626   0.011602     4234          0
h012f012    53.638   0.011601     4235          0
h012f012    53.649   0.011601     4236          0
h012f012    53.661     0.0116     4237          0
h012f012    53.672   0.011599     4238          0
h012f012    53.684   0.011599     4239          0
h012f012    53.696   0.011598     4240          0
h012f012    53.707   0.011598     4241          0
h012f012    53.719   0.011598     4242          0
h012f012     53.73   0.011597     4243          0
h012f012    53.742   0.011597     4244          0
h012f012    53.754   0.011597     4245          0
h012f012    53.765   0.011596     4246          0
h012f012    53.777   0.011596     4247          0
h012f012    53.788   0.011595     4248          0
h012f012      53.8   0.011595     4249          0
h012f012    53.812   0.011595     4250          0
h012f012    53.823   0.011594     4251          0
h012f012    53.835   0.011594     4252          0
h012f012    53.846   0.011594     4253          0
h012f012    53.858   0.011593     4254          0
h012f012     53.87   0.011593     4255          0
h012f012    53.881   0.011593     4256          0
h012f012    53.893   0.011592     4257          0
h012f012    53.904   0.011592     4258          0
h012f012    53.916   0.011591     4259          0
h012f012    53.927   0.011591     4260          0
h012f012    53.939   0.011591     4261          0
h012f012    53.951    0.01159     4262          0
h012f012    53.962    0.01159     4263          0
h012f012    53.974    0.01159     4264          0
h012f012    53.985   0.011589     4265          0
h012f012    53.997   0.011589     4266          0
h012f012    54.009   0.011589     4267          0
h012f012     54.02   0.011588     4268          0
h012f012    54.032   0.011588     4269          0
h012f012    54.043   0.011588     4270          0
h012f012    54.055   0.011587     4271          0
h012f012    54.067   0.011587     4272          0
h012f012    54.078   0.011587     4273          0
h012f012     54.09   0.011586     4274          0
h012f012    54.101   0.011586     4275          0
h012f012    54.113   0.011586     4276          0
h012f012    54.124   0.011586     4277          0
h012f012    54.136   0.011585     4278          0
h012f012    54.148   0.011585     4279          0
h012f012    54.159   0.011584     4280          0
h012f012    54.171   0.011584     4281          0
h012f012    54.182   0.011583     4282          0
h012f012    54.194   0.011583     4283          0
h012f012    54.206   0.011583     4284          0
h012f012    54.217   0.011583     4285          0
h012f012    54.229   0.011583     4286          0
h012f012     54.24   0.011583     4287          0
h012f012    54.252   0.011583     4288          0
h012f012    54.263   0.011583     4289          0
h012f012    54.275   0.011583     4290          0
h012f012    54.287   0.011583     4291          0
h012f012    54.298   0.011583     4292          0
h012f012     54.31   0.011582     4293          0
h012f012    54.321   0.011582     4294          0
h012f012    54.333   0.011582     4295          0
h012f012    54.345   0.011582     4296          0
h012f012    54.356   0.011581     4297          0
h012f012    54.368   0.011581     4298          0
h012f012    54.379   0.011581     4299          0
RESTART  file=dumps/rdump0
h012f012    54.391    0.01158     4300          0
h012f012    54.402    0.01158     4301          0
h012f012    54.414    0.01158     4302          0
h012f012    54.426    0.01158     4303          0
h012f012    54.437   0.011579     4304          0
h012f012    54.449   0.011579     4305          0
h012f012     54.46   0.011579     4306          0
h012f012    54.472   0.011578     4307          0
h012f012    54.484   0.011577     4308          0
h012f012    54.495   0.011577     4309          0
h012f012    54.507   0.011578     4310          0
h012f012    54.518   0.011578     4311          0
h012f012     54.53   0.011578     4312          0
h012f012    54.541   0.011578     4313          0
h012f012    54.553   0.011578     4314          0
h012f012    54.565   0.011578     4315          0
h012f012    54.576   0.011578     4316          0
h012f012    54.588   0.011578     4317          0
h012f012    54.599   0.011579     4318          0
h012f012    54.611   0.011579     4319          0
h012f012    54.622    0.01158     4320          0
h012f012    54.634    0.01158     4321          0
h012f012    54.646   0.011581     4322          0
h012f012    54.657   0.011582     4323          0
h012f012    54.669   0.011583     4324          0
h012f012     54.68   0.011584     4325          0
h012f012    54.692   0.011586     4326          0
h012f012    54.704   0.011587     4327          0
h012f012    54.715   0.011589     4328          0
h012f012    54.727   0.011591     4329          0
h012f012    54.738   0.011592     4330          0
h012f012     54.75   0.011594     4331          0
h012f012    54.761   0.011596     4332          0
h012f012    54.773   0.011598     4333          0
h012f012    54.785     0.0116     4334          0
h012f012    54.796   0.011603     4335          0
h012f012    54.808   0.011605     4336          0
h012f012    54.819   0.011608     4337          0
h012f012    54.831   0.011611     4338          0
h012f012    54.843   0.011615     4339          0
h012f012    54.854   0.011619     4340          0
h012f012    54.866   0.011623     4341          0
h012f012    54.878   0.011627     4342          0
h012f012    54.889   0.011632     4343          0
h012f012    54.901   0.011637     4344          0
h012f012    54.912   0.011642     4345          0
h012f012    54.924   0.011647     4346          0
h012f012    54.936   0.011653     4347          0
LOG      t=54.9357 	 divbmax: 175 74 3.16414e-12
h012f012    54.947   0.011662     4348          0
h012f012    54.959   0.011678     4349          0
h012f012    54.971   0.011708     4350          0
h012f012    54.982   0.011708     4351          0
h012f012    54.994   0.011708     4352          0
h012f012    55.006   0.011709     4353          0
h012f012    55.018   0.011709     4354          0
h012f012    55.029   0.011706     4355          0
h012f012    55.041   0.011705     4356          0
h012f012    55.053   0.011705     4357          0
h012f012    55.064   0.011705     4358          0
h012f012    55.076   0.011705     4359          0
h012f012    55.088   0.011705     4360          0
h012f012      55.1   0.011705     4361          0
h012f012    55.111   0.011705     4362          0
h012f012    55.123   0.011705     4363          0
h012f012    55.135   0.011705     4364          0
h012f012    55.146   0.011705     4365          0
h012f012    55.158   0.011705     4366          0
h012f012     55.17   0.011704     4367          0
h012f012    55.181   0.011704     4368          0
h012f012    55.193   0.011704     4369          0
h012f012    55.205   0.011704     4370          0
h012f012    55.217   0.011704     4371          0
h012f012    55.228   0.011704     4372          0
h012f012     55.24   0.011704     4373          0
h012f012    55.252   0.011703     4374          0
h012f012    55.263   0.011703     4375          0
h012f012    55.275   0.011702     4376          0
h012f012    55.287   0.011702     4377          0
h012f012    55.298   0.011702     4378          0
h012f012     55.31   0.011701     4379          0
h012f012    55.322   0.011702     4380          0
h012f012    55.334   0.011702     4381          0
h012f012    55.345   0.011703     4382          0
h012f012    55.357   0.011704     4383          0
h012f012    55.369   0.011705     4384          0
h012f012     55.38   0.011706     4385          0
h012f012    55.392   0.011708     4386          0
h012f012    55.404    0.01171     4387          0
h012f012    55.416   0.011712     4388          0
h012f012    55.427   0.011714     4389          0
h012f012    55.439   0.011716     4390          0
h012f012    55.451   0.011718     4391          0
h012f012    55.462   0.011721     4392          0
h012f012    55.474   0.011723     4393          0
h012f012    55.486   0.011726     4394          0
h012f012    55.498   0.011729     4395          0
h012f012    55.509   0.011732     4396          0
h012f012    55.521   0.011736     4397          0
h012f012    55.533    0.01174     4398          0
h012f012    55.544   0.011745     4399          0
RESTART file=dumps/rdump1
h012f012    55.556    0.01175     4400          0
h012f012    55.568   0.011755     4401          0
h012f012     55.58   0.011761     4402          0
h012f012    55.592   0.011766     4403          0
h012f012    55.603   0.011772     4404          0
h012f012    55.615   0.011778     4405          0
h012f012    55.627   0.011787     4406          0
h012f012    55.639   0.011804     4407          0
h012f012     55.65   0.011841     4408          0
h012f012    55.662   0.011842     4409          0
h012f012    55.674   0.011842     4410          0
h012f012    55.686    0.01184     4411          0
h012f012    55.698   0.011837     4412          0
h012f012     55.71   0.011834     4413          0
h012f012    55.721   0.011833     4414          0
h012f012    55.733   0.011834     4415          0
h012f012    55.745   0.011834     4416          0
h012f012    55.757   0.011834     4417          0
h012f012    55.769   0.011834     4418          0
h012f012    55.781   0.011834     4419          0
h012f012    55.792   0.011834     4420          0
h012f012    55.804   0.011834     4421          0
h012f012    55.816   0.011834     4422          0
h012f012    55.828   0.011833     4423          0
h012f012     55.84   0.011833     4424          0
h012f012    55.852   0.011833     4425          0
h012f012    55.863   0.011833     4426          0
h012f012    55.875   0.011833     4427          0
h012f012    55.887   0.011833     4428          0
h012f012    55.899   0.011833     4429          0
h012f012    55.911   0.011832     4430          0
h012f012    55.923   0.011832     4431          0
h012f012    55.934   0.011831     4432          0
h012f012    55.946   0.011832     4433          0
h012f012    55.958   0.011831     4434          0
h012f012     55.97   0.011832     4435          0
h012f012    55.982   0.011832     4436          0
h012f012    55.994   0.011833     4437          0
h012f012    56.005   0.011834     4438          0
h012f012    56.017   0.011835     4439          0
h012f012    56.029   0.011837     4440          0
h012f012    56.041   0.011838     4441          0
h012f012    56.053    0.01184     4442          0
h012f012    56.065   0.011843     4443          0
h012f012    56.076   0.011845     4444          0
h012f012    56.088   0.011848     4445          0
h012f012      56.1   0.011851     4446          0
h012f012    56.112   0.011855     4447          0
h012f012    56.124   0.011859     4448          0
h012f012    56.136   0.011864     4449          0
h012f012    56.148   0.011869     4450          0
h012f012    56.159   0.011874     4451          0
h012f012    56.171    0.01188     4452          0
h012f012    56.183   0.011886     4453          0
h012f012    56.195   0.011892     4454          0
h012f012    56.207   0.011894     4455          0
h012f012    56.219   0.011894     4456          0
h012f012    56.231   0.011893     4457          0
h012f012    56.243   0.011892     4458          0
h012f012    56.255   0.011891     4459          0
h012f012    56.266   0.011889     4460          0
h012f012    56.278   0.011887     4461          0
h012f012     56.29   0.011885     4462          0
h012f012    56.302   0.011883     4463          0
h012f012    56.314   0.011881     4464          0
h012f012    56.326   0.011879     4465          0
h012f012    56.338   0.011878     4466          0
h012f012     56.35   0.011876     4467          0
h012f012    56.362   0.011874     4468          0
h012f012    56.373   0.011872     4469          0
h012f012    56.385    0.01187     4470          0
h012f012    56.397   0.011868     4471          0
h012f012    56.409   0.011866     4472          0
h012f012    56.421   0.011864     4473          0
h012f012    56.433   0.011862     4474          0
h012f012    56.445    0.01186     4475          0
h012f012    56.456   0.011857     4476          0
h012f012    56.468   0.011855     4477          0
h012f012     56.48   0.011853     4478          0
h012f012    56.492   0.011851     4479          0
h012f012    56.504   0.011848     4480          0
h012f012    56.516   0.011846     4481          0
h012f012    56.528   0.011844     4482          0
h012f012    56.539   0.011843     4483          0
h012f012    56.551   0.011841     4484          0
h012f012    56.563   0.011839     4485          0
h012f012    56.575   0.011838     4486          0
h012f012    56.587   0.011836     4487          0
h012f012    56.599   0.011835     4488          0
h012f012     56.61   0.011833     4489          0
h012f012    56.622   0.011832     4490          0
h012f012    56.634    0.01183     4491          0
h012f012    56.646   0.011829     4492          0
h012f012    56.658   0.011827     4493          0
h012f012     56.67   0.011825     4494          0
h012f012    56.681   0.011823     4495          0
h012f012    56.693   0.011822     4496          0
h012f012    56.705    0.01182     4497          0
h012f012    56.717   0.011819     4498          0
h012f012    56.729   0.011818     4499          0
RESTART  file=dumps/rdump0
h012f012    56.741   0.011818     4500          0
h012f012    56.752   0.011817     4501          0
h012f012    56.764   0.011816     4502          0
h012f012    56.776   0.011815     4503          0
h012f012    56.788   0.011814     4504          0
h012f012      56.8   0.011814     4505          0
h012f012    56.811   0.011813     4506          0
h012f012    56.823   0.011812     4507          0
h012f012    56.835   0.011811     4508          0
h012f012    56.847   0.011811     4509          0
h012f012    56.859    0.01181     4510          0
h012f012     56.87   0.011809     4511          0
h012f012    56.882   0.011809     4512          0
h012f012    56.894   0.011808     4513          0
h012f012    56.906   0.011808     4514          0
h012f012    56.918   0.011807     4515          0
h012f012     56.93   0.011807     4516          0
LOG      t=56.9295 	 divbmax: 164 77 3.14496e-12
h012f012    56.941   0.011807     4517          0
h012f012    56.953   0.011807     4518          0
h012f012    56.965   0.011808     4519          0
h012f012    56.977   0.011809     4520          0
h012f012    56.989   0.011809     4521          0
h012f012        57   0.011809     4522          0
h012f012    57.012   0.011809     4523          0
h012f012    57.024   0.011809     4524          0
h012f012    57.036   0.011809     4525          0
h012f012    57.048   0.011809     4526          0
h012f012    57.059   0.011809     4527          0
h012f012    57.071   0.011809     4528          0
h012f012    57.083   0.011809     4529          0
h012f012    57.095   0.011808     4530          0
h012f012    57.107   0.011808     4531          0
h012f012    57.118   0.011808     4532          0
h012f012     57.13   0.011808     4533          0
h012f012    57.142   0.011808     4534          0
h012f012    57.154   0.011807     4535          0
h012f012    57.166   0.011807     4536          0
h012f012    57.177   0.011807     4537          0
h012f012    57.189   0.011807     4538          0
h012f012    57.201   0.011807     4539          0
h012f012    57.213   0.011806     4540          0
h012f012    57.225   0.011806     4541          0
h012f012    57.237   0.011806     4542          0
h012f012    57.248   0.011807     4543          0
h012f012     57.26   0.011808     4544          0
h012f012    57.272   0.011809     4545          0
h012f012    57.284   0.011811     4546          0
h012f012    57.296   0.011812     4547          0
h012f012    57.307   0.011814     4548          0
h012f012    57.319   0.011815     4549          0
h012f012    57.331   0.011816     4550          0
h012f012    57.343   0.011816     4551          0
h012f012    57.355   0.011816     4552          0
h012f012    57.366   0.011816     4553          0
h012f012    57.378   0.011816     4554          0
h012f012     57.39   0.011816     4555          0
h012f012    57.402   0.011816     4556          0
h012f012    57.414   0.011815     4557          0
h012f012    57.426   0.011815     4558          0
h012f012    57.437   0.011815     4559          0
h012f012    57.449   0.011815     4560          0
h012f012    57.461   0.011815     4561          0
h012f012    57.473   0.011815     4562          0
h012f012    57.485   0.011815     4563          0
h012f012    57.496   0.011815     4564          0
h012f012    57.508   0.011815     4565          0
h012f012     57.52   0.011815     4566          0
h012f012    57.532   0.011815     4567          0
h012f012    57.544   0.011816     4568          0
h012f012    57.555   0.011816     4569          0
h012f012    57.567   0.011816     4570          0
h012f012    57.579   0.011816     4571          0
h012f012    57.591   0.011815     4572          0
h012f012    57.603   0.011815     4573          0
h012f012    57.615   0.011815     4574          0
h012f012    57.626   0.011815     4575          0
h012f012    57.638   0.011814     4576          0
h012f012     57.65   0.011814     4577          0
h012f012    57.662   0.011814     4578          0
h012f012    57.674   0.011814     4579          0
h012f012    57.685   0.011814     4580          0
h012f012    57.697   0.011813     4581          0
h012f012    57.709   0.011813     4582          0
h012f012    57.721   0.011813     4583          0
h012f012    57.733   0.011813     4584          0
h012f012    57.745   0.011812     4585          0
h012f012    57.756   0.011812     4586          0
h012f012    57.768   0.011812     4587          0
h012f012     57.78   0.011812     4588          0
h012f012    57.792   0.011812     4589          0
h012f012    57.804   0.011811     4590          0
h012f012    57.815   0.011811     4591          0
h012f012    57.827   0.011811     4592          0
h012f012    57.839   0.011811     4593          0
h012f012    57.851   0.011811     4594          0
h012f012    57.863    0.01181     4595          0
h012f012    57.874    0.01181     4596          0
h012f012    57.886    0.01181     4597          0
h012f012    57.898    0.01181     4598          0
h012f012     57.91   0.011809     4599          0
RESTART file=dumps/rdump1
h012f012    57.922   0.011809     4600          0
h012f012    57.933   0.011809     4601          0
h012f012    57.945   0.011809     4602          0
h012f012    57.957   0.011809     4603          0
h012f012    57.969   0.011808     4604          0
h012f012    57.981   0.011808     4605          0
h012f012    57.993   0.011808     4606          0
h012f012    58.004   0.011808     4607          0
h012f012    58.016   0.011807     4608          0
h012f012    58.028   0.011807     4609          0
h012f012     58.04   0.011807     4610          0
h012f012    58.052   0.011806     4611          0
h012f012    58.063   0.011806     4612          0
h012f012    58.075   0.011805     4613          0
h012f012    58.087   0.011805     4614          0
h012f012    58.099   0.011805     4615          0
h012f012    58.111   0.011804     4616          0
h012f012    58.122   0.011804     4617          0
h012f012    58.134   0.011803     4618          0
h012f012    58.146   0.011803     4619          0
h012f012    58.158   0.011802     4620          0
h012f012     58.17   0.011802     4621          0
h012f012    58.181   0.011801     4622          0
h012f012    58.193   0.011801     4623          0
h012f012    58.205     0.0118     4624          0
h012f012    58.217   0.011798     4625          0
h012f012    58.229   0.011796     4626          0
h012f012     58.24   0.011793     4627          0
h012f012    58.252    0.01179     4628          0
h012f012    58.264   0.011786     4629          0
h012f012    58.276   0.011783     4630          0
h012f012    58.288   0.011781     4631          0
h012f012    58.299   0.011781     4632          0
h012f012    58.311    0.01178     4633          0
h012f012    58.323    0.01178     4634          0
h012f012    58.335   0.011779     4635          0
h012f012    58.346   0.011778     4636          0
h012f012    58.358   0.011777     4637          0
h012f012     58.37   0.011776     4638          0
h012f012    58.382   0.011776     4639          0
h012f012    58.394   0.011775     4640          0
h012f012    58.405   0.011775     4641          0
h012f012    58.417   0.011774     4642          0
h012f012    58.429   0.011774     4643          0
h012f012    58.441   0.011774     4644          0
h012f012    58.452   0.011773     4645          0
h012f012    58.464   0.011773     4646          0
h012f012    58.476   0.011773     4647          0
h012f012    58.488   0.011773     4648          0
h012f012      58.5   0.011773     4649          0
h012f012    58.511   0.011774     4650          0
h012f012    58.523   0.011774     4651          0
h012f012    58.535   0.011774     4652          0
h012f012    58.547   0.011773     4653          0
h012f012    58.558   0.011773     4654          0
h012f012     58.57   0.011773     4655          0
h012f012    58.582   0.011773     4656          0
h012f012    58.594   0.011773     4657          0
h012f012    58.606   0.011772     4658          0
h012f012    58.617   0.011772     4659          0
h012f012    58.629   0.011771     4660          0
h012f012    58.641   0.011771     4661          0
h012f012    58.653   0.011771     4662          0
h012f012    58.664   0.011771     4663          0
h012f012    58.676   0.011771     4664          0
h012f012    58.688    0.01177     4665          0
h012f012      58.7    0.01177     4666          0
h012f012    58.711    0.01177     4667          0
h012f012    58.723   0.011769     4668          0
h012f012    58.735    0.01177     4669          0
h012f012    58.747   0.011769     4670          0
h012f012    58.759   0.011769     4671          0
h012f012     58.77   0.011769     4672          0
h012f012    58.782   0.011769     4673          0
h012f012    58.794   0.011769     4674          0
h012f012    58.806   0.011769     4675          0
h012f012    58.817   0.011769     4676          0
h012f012    58.829    0.01177     4677          0
h012f012    58.841    0.01177     4678          0
h012f012    58.853    0.01177     4679          0
h012f012    58.864    0.01177     4680          0
h012f012    58.876    0.01177     4681          0
h012f012    58.888    0.01177     4682          0
h012f012      58.9    0.01177     4683          0
h012f012    58.912   0.011771     4684          0
h012f012    58.923   0.011771     4685          0
h012f012    58.935   0.011771     4686          0
LOG      t=58.9351 	 divbmax: 138 100 3.35243e-12
h012f012    58.947   0.011771     4687          0
h012f012    58.959   0.011772     4688          0
h012f012     58.97   0.011772     4689          0
h012f012    58.982   0.011772     4690          0
h012f012    58.994   0.011771     4691          0
h012f012    59.006    0.01177     4692          0
h012f012    59.017   0.011769     4693          0
h012f012    59.029   0.011768     4694          0
h012f012    59.041   0.011767     4695          0
h012f012    59.053   0.011767     4696          0
h012f012    59.065   0.011766     4697          0
h012f012    59.076   0.011765     4698          0
h012f012    59.088   0.011764     4699          0
RESTART  file=dumps/rdump0
h012f012      59.1   0.011763     4700          0
h012f012    59.112   0.011763     4701          0
h012f012    59.123   0.011762     4702          0
h012f012    59.135   0.011761     4703          0
h012f012    59.147    0.01176     4704          0
h012f012    59.159    0.01176     4705          0
h012f012     59.17    0.01176     4706          0
h012f012    59.182    0.01176     4707          0
h012f012    59.194   0.011761     4708          0
h012f012    59.206   0.011761     4709          0
h012f012    59.217   0.011761     4710          0
h012f012    59.229   0.011761     4711          0
h012f012    59.241   0.011761     4712          0
h012f012    59.253   0.011761     4713          0
h012f012    59.264   0.011761     4714          0
h012f012    59.276   0.011761     4715          0
h012f012    59.288   0.011761     4716          0
h012f012      59.3   0.011761     4717          0
h012f012    59.312   0.011761     4718          0
h012f012    59.323   0.011761     4719          0
h012f012    59.335   0.011761     4720          0
h012f012    59.347   0.011761     4721          0
h012f012    59.359    0.01176     4722          0
h012f012     59.37    0.01176     4723          0
h012f012    59.382    0.01176     4724          0
h012f012    59.394    0.01176     4725          0
h012f012    59.406   0.011762     4726          0
h012f012    59.417   0.011766     4727          0
h012f012    59.429   0.011768     4728          0
h012f012    59.441    0.01177     4729          0
h012f012    59.453   0.011772     4730          0
h012f012    59.464   0.011773     4731          0
h012f012    59.476   0.011773     4732          0
h012f012    59.488   0.011771     4733          0
h012f012      59.5   0.011769     4734          0
h012f012    59.512   0.011766     4735          0
h012f012    59.523   0.011761     4736          0
h012f012    59.535   0.011756     4737          0
h012f012    59.547    0.01175     4738          0
h012f012    59.559   0.011744     4739          0
h012f012     59.57   0.011741     4740          0
h012f012    59.582   0.011738     4741          0
h012f012    59.594   0.011736     4742          0
h012f012    59.606   0.011731     4743          0
h012f012    59.617   0.011722     4744          0
h012f012    59.629   0.011713     4745          0
h012f012    59.641   0.011706     4746          0
h012f012    59.652   0.011699     4747          0
h012f012    59.664   0.011694     4748          0
h012f012    59.676    0.01169     4749          0
h012f012    59.687   0.011689     4750          0
h012f012    59.699   0.011688     4751          0
h012f012    59.711   0.011693     4752          0
h012f012    59.723   0.011692     4753          0
h012f012    59.734   0.011681     4754          0
h012f012    59.746    0.01167     4755          0
h012f012    59.758   0.011663     4756          0
h012f012    59.769   0.011656     4757          0
h012f012    59.781   0.011651     4758          0
h012f012    59.793   0.011648     4759          0
h012f012    59.804   0.011646     4760          0
h012f012    59.816   0.011643     4761          0
h012f012    59.828    0.01164     4762          0
h012f012    59.839   0.011637     4763          0
h012f012    59.851   0.011634     4764          0
h012f012    59.862   0.011631     4765          0
h012f012    59.874   0.011628     4766          0
h012f012    59.886   0.011625     4767          0
h012f012    59.897   0.011623     4768          0
h012f012    59.909    0.01162     4769          0
h012f012    59.921   0.011618     4770          0
h012f012    59.932   0.011616     4771          0
h012f012    59.944   0.011616     4772          0
h012f012    59.955   0.011615     4773          0
h012f012    59.967   0.011614     4774          0
h012f012    59.979   0.011613     4775          0
h012f012     59.99   0.011612     4776          0
h012f012    60.002   0.011611     4777          0
h012f012    60.013    0.01161     4778          0
h012f012    60.025   0.011609     4779          0
h012f012    60.037   0.011608     4780          0
h012f012    60.048   0.011607     4781          0
h012f012     60.06   0.011607     4782          0
h012f012    60.072   0.011607     4783          0
h012f012    60.083   0.011607     4784          0
h012f012    60.095   0.011607     4785          0
h012f012    60.106   0.011608     4786          0
h012f012    60.118   0.011611     4787          0
h012f012     60.13   0.011614     4788          0
h012f012    60.141   0.011617     4789          0
h012f012    60.153   0.011618     4790          0
h012f012    60.164   0.011619     4791          0
h012f012    60.176    0.01162     4792          0
h012f012    60.188   0.011618     4793          0
h012f012    60.199   0.011616     4794          0
h012f012    60.211   0.011614     4795          0
h012f012    60.222    0.01161     4796          0
h012f012    60.234   0.011606     4797          0
h012f012    60.246     0.0116     4798          0
h012f012    60.257   0.011595     4799          0
RESTART file=dumps/rdump1
h012f012    60.269    0.01159     4800          0
h012f012     60.28   0.011588     4801          0
h012f012    60.292   0.011586     4802          0
h012f012    60.304   0.011585     4803          0
h012f012    60.315   0.011583     4804          0
h012f012    60.327   0.011577     4805          0
h012f012    60.338    0.01157     4806          0
h012f012     60.35   0.011563     4807          0
h012f012    60.362   0.011558     4808          0
h012f012    60.373   0.011553     4809          0
h012f012    60.385   0.011549     4810          0
h012f012    60.396   0.011545     4811          0
h012f012    60.408   0.011542     4812          0
h012f012    60.419   0.011539     4813          0
h012f012    60.431   0.011537     4814          0
h012f012    60.442   0.011535     4815          0
h012f012    60.454   0.011533     4816          0
h012f012    60.465   0.011532     4817          0
h012f012    60.477   0.011532     4818          0
h012f012    60.488    0.01154     4819          0
h012f012      60.5   0.011533     4820          0
h012f012    60.512   0.011523     4821          0
h012f012    60.523   0.011516     4822          0
h012f012    60.535   0.011509     4823          0
h012f012    60.546   0.011503     4824          0
h012f012    60.558     0.0115     4825          0
h012f012    60.569   0.011497     4826          0
h012f012    60.581   0.011494     4827          0
h012f012    60.592   0.011492     4828          0
h012f012    60.604    0.01149     4829          0
h012f012    60.615   0.011487     4830          0
h012f012    60.627   0.011485     4831          0
h012f012    60.638   0.011483     4832          0
h012f012     60.65   0.011482     4833          0
h012f012    60.661    0.01148     4834          0
h012f012    60.673   0.011478     4835          0
h012f012    60.684   0.011476     4836          0
h012f012    60.695   0.011474     4837          0
h012f012    60.707   0.011473     4838          0
h012f012    60.718   0.011471     4839          0
h012f012     60.73    0.01147     4840          0
h012f012    60.741   0.011468     4841          0
h012f012    60.753   0.011467     4842          0
h012f012    60.764   0.011466     4843          0
h012f012    60.776   0.011465     4844          0
h012f012    60.787   0.011465     4845          0
h012f012    60.799   0.011464     4846          0
h012f012     60.81   0.011464     4847          0
h012f012    60.822   0.011463     4848          0
h012f012    60.833   0.011463     4849          0
h012f012    60.845   0.011462     4850          0
h012f012    60.856   0.011461     4851          0
h012f012    60.867   0.011461     4852          0
h012f012    60.879    0.01146     4853          0
h012f012     60.89   0.011459     4854          0
h012f012    60.902   0.011456     4855          0
h012f012    60.913   0.011456     4856          0
h012f012    60.925   0.011457     4857          0
h012f012    60.936   0.011458     4858          0
LOG      t=60.9362 	 divbmax: 138 100 3.23697e-12
h012f012    60.948   0.011458     4859          0
h012f012    60.959   0.011458     4860          0
h012f012    60.971   0.011458     4861          0
h012f012    60.982   0.011458     4862          0
h012f012    60.993   0.011458     4863          0
h012f012    61.005   0.011458     4864          0
h012f012    61.016   0.011458     4865          0
h012f012    61.028   0.011458     4866          0
h012f012    61.039   0.011459     4867          0
h012f012    61.051   0.011459     4868          0
h012f012    61.062    0.01146     4869          0
h012f012    61.074   0.011463     4870          0
h012f012    61.085   0.011465     4871          0
h012f012    61.097   0.011468     4872          0
h012f012    61.108   0.011469     4873          0
h012f012     61.12   0.011471     4874          0
h012f012    61.131   0.011471     4875          0
h012f012    61.143   0.011472     4876          0
h012f012    61.154   0.011472     4877          0
h012f012    61.165   0.011473     4878          0
h012f012    61.177   0.011473     4879          0
h012f012    61.188   0.011473     4880          0
h012f012      61.2   0.011474     4881          0
h012f012    61.211   0.011474     4882          0
h012f012    61.223   0.011474     4883          0
h012f012    61.234   0.011473     4884          0
h012f012    61.246   0.011464     4885          0
h012f012    61.257   0.011454     4886          0
h012f012    61.269   0.011446     4887          0
h012f012     61.28   0.011438     4888          0
h012f012    61.292   0.011432     4889          0
h012f012    61.303   0.011427     4890          0
h012f012    61.314   0.011422     4891          0
h012f012    61.326   0.011418     4892          0
h012f012    61.337   0.011414     4893          0
h012f012    61.349   0.011412     4894          0
h012f012     61.36   0.011411     4895          0
h012f012    61.372    0.01141     4896          0
h012f012    61.383   0.011411     4897          0
h012f012    61.394   0.011409     4898          0
h012f012    61.406   0.011405     4899          0
RESTART  file=dumps/rdump0
h012f012    61.417   0.011404     4900          0
h012f012    61.429     0.0114     4901          0
h012f012     61.44   0.011394     4902          0
h012f012    61.451   0.011387     4903          0
h012f012    61.463   0.011379     4904          0
h012f012    61.474   0.011373     4905          0
h012f012    61.485   0.011371     4906          0
h012f012    61.497   0.011369     4907          0
h012f012    61.508   0.011367     4908          0
h012f012     61.52   0.011364     4909          0
h012f012    61.531   0.011362     4910          0
h012f012    61.542   0.011359     4911          0
h012f012    61.554   0.011357     4912          0
h012f012    61.565   0.011355     4913          0
h012f012    61.576   0.011352     4914          0
h012f012    61.588    0.01135     4915          0
h012f012    61.599   0.011348     4916          0
h012f012     61.61   0.011345     4917          0
h012f012    61.622   0.011343     4918          0
h012f012    61.633   0.011341     4919          0
h012f012    61.644   0.011339     4920          0
h012f012    61.656   0.011337     4921          0
h012f012    61.667   0.011335     4922          0
h012f012    61.678   0.011333     4923          0
h012f012     61.69   0.011332     4924          0
h012f012    61.701    0.01133     4925          0
h012f012    61.712   0.011329     4926          0
h012f012    61.724   0.011328     4927          0
h012f012    61.735   0.011326     4928          0
h012f012    61.746   0.011325     4929          0
h012f012    61.758   0.011324     4930          0
h012f012    61.769   0.011323     4931          0
h012f012     61.78   0.011322     4932          0
h012f012    61.792   0.011321     4933          0
h012f012    61.803    0.01132     4934          0
h012f012    61.814   0.011319     4935          0
h012f012    61.826   0.011318     4936          0
h012f012    61.837   0.011317     4937          0
h012f012    61.848   0.011316     4938          0
h012f012     61.86   0.011316     4939          0
h012f012    61.871   0.011315     4940          0
h012f012    61.882   0.011314     4941          0
h012f012    61.894   0.011313     4942          0
h012f012    61.905   0.011313     4943          0
h012f012    61.916   0.011312     4944          0
h012f012    61.928   0.011312     4945          0
h012f012    61.939   0.011311     4946          0
h012f012     61.95   0.011311     4947          0
h012f012    61.961    0.01131     4948          0
h012f012    61.973    0.01131     4949          0
h012f012    61.984   0.011309     4950          0
h012f012    61.995   0.011309     4951          0
h012f012    62.007   0.011309     4952          0
h012f012    62.018   0.011309     4953          0
h012f012    62.029   0.011308     4954          0
h012f012    62.041   0.011308     4955          0
h012f012    62.052   0.011308     4956          0
h012f012    62.063   0.011308     4957          0
h012f012    62.075   0.011308     4958          0
h012f012    62.086   0.011308     4959          0
h012f012    62.097   0.011309     4960          0
h012f012    62.108    0.01131     4961          0
h012f012     62.12   0.011311     4962          0
h012f012    62.131   0.011311     4963          0
h012f012    62.142    0.01131     4964          0
h012f012    62.154    0.01131     4965          0
h012f012    62.165   0.011311     4966          0
h012f012    62.176   0.011311     4967          0
h012f012    62.188   0.011312     4968          0
h012f012    62.199   0.011314     4969          0
h012f012     62.21   0.011318     4970          0
h012f012    62.222   0.011322     4971          0
h012f012    62.233   0.011326     4972          0
h012f012    62.244   0.011329     4973          0
h012f012    62.256   0.011331     4974          0
h012f012    62.267   0.011334     4975          0
h012f012    62.278   0.011339     4976          0
h012f012     62.29    0.01134     4977          0
h012f012    62.301   0.011339     4978          0
h012f012    62.312   0.011338     4979          0
h012f012    62.324   0.011337     4980          0
h012f012    62.335   0.011335     4981          0
h012f012    62.346   0.011335     4982          0
h012f012    62.358    0.01134     4983          0
h012f012    62.369    0.01137     4984          0
h012f012     62.38    0.01137     4985          0
h012f012    62.392   0.011373     4986          0
h012f012    62.403   0.011377     4987          0
h012f012    62.414   0.011386     4988          0
h012f012    62.426   0.011395     4989          0
h012f012    62.437   0.011405     4990          0
h012f012    62.449   0.011417     4991          0
h012f012     62.46    0.01143     4992          0
h012f012    62.471    0.01144     4993          0
h012f012    62.483    0.01144     4994          0
h012f012    62.494   0.011439     4995          0
h012f012    62.506   0.011439     4996          0
h012f012    62.517   0.011439     4997          0
h012f012    62.529   0.011439     4998          0
h012f012     62.54   0.011439     4999          0
RESTART file=dumps/rdump1
h012f012    62.552   0.011439     5000          0
h012f012    62.563   0.011439     5001          0
h012f012    62.574   0.011439     5002          0
h012f012    62.586   0.011439     5003          0
h012f012    62.597   0.011439     5004          0
h012f012    62.609   0.011439     5005          0
h012f012     62.62    0.01144     5006          0
h012f012    62.632   0.011441     5007          0
h012f012    62.643   0.011441     5008          0
h012f012    62.655   0.011443     5009          0
h012f012    62.666   0.011444     5010          0
h012f012    62.677   0.011447     5011          0
h012f012    62.689   0.011451     5012          0
h012f012      62.7   0.011457     5013          0
h012f012    62.712   0.011465     5014          0
h012f012    62.723    0.01147     5015          0
h012f012    62.735    0.01147     5016          0
h012f012    62.746   0.011469     5017          0
h012f012    62.758   0.011469     5018          0
h012f012    62.769   0.011469     5019          0
h012f012    62.781   0.011469     5020          0
h012f012    62.792    0.01147     5021          0
h012f012    62.803   0.011471     5022          0
h012f012    62.815   0.011473     5023          0
h012f012    62.826    0.01148     5024          0
h012f012    62.838   0.011508     5025          0
h012f012    62.849   0.011513     5026          0
h012f012    62.861   0.011518     5027          0
h012f012    62.872   0.011524     5028          0
h012f012    62.884   0.011528     5029          0
h012f012    62.896   0.011533     5030          0
h012f012    62.907    0.01154     5031          0
h012f012    62.919    0.01155     5032          0
h012f012     62.93   0.011561     5033          0
LOG      t=62.9301 	 divbmax: 138 100 3.42415e-12
h012f012    62.942   0.011575     5034          0
h012f012    62.953   0.011577     5035          0
h012f012    62.965   0.011577     5036          0
h012f012    62.976   0.011577     5037          0
h012f012    62.988   0.011576     5038          0
h012f012        63   0.011576     5039          0
h012f012    63.011   0.011576     5040          0
h012f012    63.023   0.011576     5041          0
h012f012    63.034   0.011576     5042          0
h012f012    63.046   0.011576     5043          0
h012f012    63.057   0.011577     5044          0
h012f012    63.069   0.011577     5045          0
h012f012    63.081   0.011578     5046          0
h012f012    63.092   0.011578     5047          0
h012f012    63.104   0.011578     5048          0
h012f012    63.115   0.011579     5049          0
h012f012    63.127    0.01158     5050          0
h012f012    63.139   0.011581     5051          0
h012f012     63.15   0.011582     5052          0
h012f012    63.162   0.011583     5053          0
h012f012    63.173   0.011585     5054          0
h012f012    63.185   0.011588     5055          0
h012f012    63.196    0.01159     5056          0
h012f012    63.208   0.011593     5057          0
h012f012     63.22   0.011598     5058          0
h012f012    63.231   0.011605     5059          0
h012f012    63.243   0.011612     5060          0
h012f012    63.254   0.011612     5061          0
h012f012    63.266    0.01161     5062          0
h012f012    63.278   0.011608     5063          0
h012f012    63.289   0.011607     5064          0
h012f012    63.301   0.011608     5065          0
h012f012    63.312   0.011611     5066          0
h012f012    63.324   0.011633     5067          0
h012f012    63.336   0.011654     5068          0
h012f012    63.347   0.011658     5069          0
h012f012    63.359   0.011662     5070          0
h012f012    63.371   0.011667     5071          0
h012f012    63.382   0.011675     5072          0
h012f012    63.394   0.011684     5073          0
h012f012    63.406   0.011692     5074          0
h012f012    63.417    0.01169     5075          0
h012f012    63.429   0.011685     5076          0
h012f012    63.441   0.011677     5077          0
h012f012    63.452    0.01167     5078          0
h012f012    63.464   0.011663     5079          0
h012f012    63.476   0.011659     5080          0
h012f012    63.487   0.011656     5081          0
h012f012    63.499   0.011653     5082          0
h012f012    63.511   0.011652     5083          0
h012f012    63.522   0.011652     5084          0
h012f012    63.534   0.011653     5085          0
h012f012    63.546   0.011658     5086          0
h012f012    63.557   0.011657     5087          0
h012f012    63.569   0.011648     5088          0
h012f012    63.581   0.011634     5089          0
h012f012    63.592   0.011622     5090          0
h012f012    63.604   0.011615     5091          0
h012f012    63.616    0.01161     5092          0
h012f012    63.627   0.011606     5093          0
h012f012    63.639   0.011603     5094          0
h012f012     63.65     0.0116     5095          0
h012f012    63.662   0.011597     5096          0
h012f012    63.674   0.011594     5097          0
h012f012    63.685   0.011591     5098          0
h012f012    63.697   0.011588     5099          0
RESTART  file=dumps/rdump0
h012f012    63.708   0.011585     5100          0
h012f012     63.72   0.011582     5101          0
h012f012    63.731    0.01158     5102          0
h012f012    63.743   0.011577     5103          0
h012f012    63.755   0.011575     5104          0
h012f012    63.766   0.011575     5105          0
h012f012    63.778   0.011567     5106          0
h012f012    63.789   0.011571     5107          0
h012f012    63.801   0.011574     5108          0
h012f012    63.813   0.011576     5109          0
h012f012    63.824   0.011576     5110          0
h012f012    63.836   0.011575     5111          0
h012f012    63.847   0.011575     5112          0
h012f012    63.859    0.01157     5113          0
h012f012     63.87   0.011563     5114          0
h012f012    63.882   0.011555     5115          0
h012f012    63.894    0.01155     5116          0
h012f012    63.905   0.011547     5117          0
h012f012    63.917   0.011544     5118          0
h012f012    63.928   0.011538     5119          0
h012f012     63.94   0.011524     5120          0
h012f012    63.951   0.011515     5121          0
h012f012    63.963    0.01151     5122          0
h012f012    63.974   0.011509     5123          0
h012f012    63.986   0.011508     5124          0
h012f012    63.997   0.011503     5125          0
h012f012    64.009   0.011503     5126          0
h012f012     64.02   0.011507     5127          0
h012f012    64.032     0.0115     5128          0
h012f012    64.043   0.011502     5129          0
h012f012    64.055   0.011494     5130          0
h012f012    64.066   0.011479     5131          0
h012f012    64.078   0.011468     5132          0
h012f012    64.089   0.011463     5133          0
h012f012    64.101   0.011458     5134          0
h012f012    64.112   0.011453     5135          0
h012f012    64.124   0.011447     5136          0
h012f012    64.135   0.011435     5137          0
h012f012    64.146   0.011427     5138          0
h012f012    64.158   0.011421     5139          0
h012f012    64.169   0.011419     5140          0
h012f012    64.181   0.011426     5141          0
h012f012    64.192   0.011419     5142          0
h012f012    64.204   0.011414     5143          0
h012f012    64.215   0.011415     5144          0
h012f012    64.226   0.011415     5145          0
h012f012    64.238   0.011415     5146          0
h012f012    64.249   0.011416     5147          0
h012f012    64.261   0.011417     5148          0
h012f012    64.272   0.011416     5149          0
h012f012    64.283   0.011413     5150          0
h012f012    64.295   0.011408     5151          0
h012f012    64.306   0.011402     5152          0
h012f012    64.318   0.011397     5153          0
h012f012    64.329   0.011393     5154          0
h012f012     64.34   0.011382     5155          0
h012f012    64.352   0.011375     5156          0
h012f012    64.363   0.011376     5157          0
h012f012    64.375   0.011385     5158          0
h012f012    64.386   0.011386     5159          0
h012f012    64.397    0.01137     5160          0
h012f012    64.409   0.011358     5161          0
h012f012     64.42   0.011351     5162          0
h012f012    64.431   0.011347     5163          0
h012f012    64.443   0.011345     5164          0
h012f012    64.454   0.011346     5165          0
h012f012    64.466   0.011348     5166          0
h012f012    64.477   0.011346     5167          0
h012f012    64.488   0.011331     5168          0
h012f012      64.5   0.011315     5169          0
h012f012    64.511   0.011309     5170          0
h012f012    64.522   0.011296     5171          0
h012f012    64.533   0.011284     5172          0
h012f012    64.545    0.01128     5173          0
h012f012    64.556   0.011283     5174          0
h012f012    64.567   0.011286     5175          0
h012f012    64.579   0.011279     5176          0
h012f012     64.59   0.011279     5177          0
h012f012    64.601   0.011275     5178          0
h012f012    64.612   0.011269     5179          0
h012f012    64.624   0.011268     5180          0
h012f012    64.635   0.011269     5181          0
h012f012    64.646   0.011269     5182          0
h012f012    64.658   0.011268     5183          0
h012f012    64.669   0.011268     5184          0
h012f012     64.68   0.011267     5185          0
h012f012    64.691   0.011263     5186          0
h012f012    64.703   0.011257     5187          0
h012f012    64.714   0.011251     5188          0
h012f012    64.725   0.011247     5189          0
h012f012    64.736   0.011244     5190          0
h012f012    64.748   0.011241     5191          0
h012f012    64.759   0.011235     5192          0
h012f012     64.77   0.011215     5193          0
h012f012    64.781     0.0112     5194          0
h012f012    64.792    0.01119     5195          0
h012f012    64.804   0.011185     5196          0
h012f012    64.815    0.01119     5197          0
h012f012    64.826   0.011203     5198          0
h012f012    64.837   0.011201     5199          0
RESTART file=dumps/rdump1
h012f012    64.848   0.011201     5200          0
h012f012     64.86   0.011195     5201          0
h012f012    64.871   0.011184     5202          0
h012f012    64.882   0.011172     5203          0
h012f012    64.893   0.011163     5204          0
h012f012    64.904   0.011157     5205          0
h012f012    64.916   0.011153     5206          0
h012f012    64.927   0.011149     5207          0
LOG      t=64.9267 	 divbmax: 175 74 3.12816e-12
h012f012    64.938   0.011145     5208          0
h012f012    64.949   0.011142     5209          0
h012f012     64.96   0.011139     5210          0
h012f012    64.971   0.011136     5211          0
h012f012    64.982   0.011133     5212          0
h012f012    64.994   0.011131     5213          0
h012f012    65.005   0.011128     5214          0
h012f012    65.016   0.011125     5215          0
h012f012    65.027   0.011119     5216          0
h012f012    65.038   0.011119     5217          0
h012f012    65.049    0.01112     5218          0
h012f012     65.06   0.011121     5219          0
h012f012    65.071   0.011121     5220          0
h012f012    65.082   0.011123     5221          0
h012f012    65.094   0.011125     5222          0
h012f012    65.105   0.011128     5223          0
h012f012    65.116    0.01113     5224          0
h012f012    65.127   0.011132     5225          0
h012f012    65.138   0.011133     5226          0
h012f012    65.149   0.011134     5227          0
h012f012     65.16   0.011126     5228          0
h012f012    65.172   0.011117     5229          0
h012f012    65.183   0.011099     5230          0
h012f012    65.194   0.011084     5231          0
h012f012    65.205   0.011075     5232          0
h012f012    65.216   0.011072     5233          0
h012f012    65.227   0.011077     5234          0
h012f012    65.238   0.011081     5235          0
h012f012    65.249   0.011076     5236          0
h012f012     65.26   0.011068     5237          0
h012f012    65.271   0.011061     5238          0
h012f012    65.282   0.011057     5239          0
h012f012    65.293   0.011049     5240          0
h012f012    65.304   0.011037     5241          0
h012f012    65.315   0.011024     5242          0
h012f012    65.326   0.011021     5243          0
h012f012    65.338   0.011016     5244          0
h012f012    65.349   0.011013     5245          0
h012f012     65.36    0.01101     5246          0
h012f012    65.371   0.011008     5247          0
h012f012    65.382   0.011007     5248          0
h012f012    65.393   0.011007     5249          0
h012f012    65.404   0.011008     5250          0
h012f012    65.415    0.01101     5251          0
h012f012    65.426   0.011013     5252          0
h012f012    65.437   0.011019     5253          0
h012f012    65.448   0.011029     5254          0
h012f012    65.459    0.01104     5255          0
h012f012     65.47   0.011054     5256          0
h012f012    65.481   0.011067     5257          0
h012f012    65.492   0.011087     5258          0
h012f012    65.503   0.011085     5259          0
h012f012    65.514   0.011084     5260          0
h012f012    65.525   0.011085     5261          0
h012f012    65.536    0.01109     5262          0
h012f012    65.547   0.011098     5263          0
h012f012    65.558   0.011103     5264          0
h012f012    65.569   0.011104     5265          0
h012f012    65.581   0.011105     5266          0
h012f012    65.592   0.011107     5267          0
h012f012    65.603    0.01111     5268          0
h012f012    65.614   0.011114     5269          0
h012f012    65.625   0.011116     5270          0
h012f012    65.636   0.011117     5271          0
h012f012    65.647   0.011118     5272          0
h012f012    65.658   0.011121     5273          0
h012f012    65.669   0.011123     5274          0
h012f012    65.681   0.011125     5275          0
h012f012    65.692   0.011134     5276          0
h012f012    65.703   0.011133     5277          0
h012f012    65.714   0.011133     5278          0
h012f012    65.725   0.011132     5279          0
h012f012    65.736   0.011132     5280          0
h012f012    65.747   0.011131     5281          0
h012f012    65.758   0.011131     5282          0
h012f012     65.77   0.011133     5283          0
h012f012    65.781   0.011137     5284          0
h012f012    65.792   0.011145     5285          0
h012f012    65.803   0.011175     5286          0
h012f012    65.814    0.01118     5287          0
h012f012    65.825   0.011184     5288          0
h012f012    65.837   0.011188     5289          0
h012f012    65.848   0.011193     5290          0
h012f012    65.859   0.011202     5291          0
h012f012     65.87   0.011214     5292          0
h012f012    65.881   0.011232     5293          0
h012f012    65.893   0.011241     5294          0
h012f012    65.904    0.01124     5295          0
h012f012    65.915    0.01124     5296          0
h012f012    65.926    0.01124     5297          0
h012f012    65.938    0.01124     5298          0
h012f012    65.949   0.011242     5299          0
RESTART  file=dumps/rdump0
h012f012     65.96   0.011244     5300          0
h012f012    65.971   0.011246     5301          0
h012f012    65.983    0.01125     5302          0
h012f012    65.994   0.011255     5303          0
h012f012    66.005   0.011257     5304          0
h012f012    66.016    0.01126     5305          0
h012f012    66.028   0.011263     5306          0
h012f012    66.039   0.011268     5307          0
h012f012     66.05   0.011268     5308          0
h012f012    66.061   0.011268     5309          0
h012f012    66.073   0.011269     5310          0
h012f012    66.084   0.011269     5311          0
h012f012    66.095    0.01127     5312          0
h012f012    66.106   0.011271     5313          0
h012f012    66.118   0.011271     5314          0
h012f012    66.129   0.011272     5315          0
h012f012     66.14   0.011278     5316          0
h012f012    66.152   0.011291     5317          0
h012f012    66.163   0.011321     5318          0
h012f012    66.174   0.011325     5319          0
h012f012    66.185    0.01133     5320          0
h012f012    66.197   0.011334     5321          0
h012f012    66.208   0.011342     5322          0
h012f012    66.219   0.011354     5323          0
h012f012    66.231    0.01137     5324          0
h012f012    66.242   0.011377     5325          0
h012f012    66.254   0.011377     5326          0
h012f012    66.265   0.011376     5327          0
h012f012    66.276   0.011377     5328          0
h012f012    66.288   0.011377     5329          0
h012f012    66.299   0.011378     5330          0
h012f012     66.31   0.011381     5331          0
h012f012    66.322   0.011385     5332          0
h012f012    66.333    0.01139     5333          0
h012f012    66.345   0.011392     5334          0
h012f012    66.356   0.011396     5335          0
h012f012    66.367   0.011402     5336          0
h012f012    66.379   0.011409     5337          0
h012f012     66.39   0.011411     5338          0
h012f012    66.402   0.011411     5339          0
h012f012    66.413    0.01141     5340          0
h012f012    66.424    0.01141     5341          0
h012f012    66.436    0.01141     5342          0
h012f012    66.447   0.011414     5343          0
h012f012    66.459   0.011424     5344          0
h012f012     66.47    0.01146     5345          0
h012f012    66.482   0.011469     5346          0
h012f012    66.493   0.011476     5347          0
h012f012    66.505   0.011483     5348          0
h012f012    66.516   0.011498     5349          0
h012f012    66.527   0.011515     5350          0
h012f012    66.539   0.011515     5351          0
h012f012    66.551   0.011515     5352          0
h012f012    66.562   0.011515     5353          0
h012f012    66.574   0.011516     5354          0
h012f012    66.585   0.011517     5355          0
h012f012    66.597   0.011521     5356          0
h012f012    66.608   0.011526     5357          0
h012f012     66.62    0.01153     5358          0
h012f012    66.631   0.011536     5359          0
h012f012    66.643   0.011543     5360          0
h012f012    66.654   0.011552     5361          0
h012f012    66.666   0.011552     5362          0
h012f012    66.677   0.011551     5363          0
h012f012    66.689    0.01155     5364          0
h012f012      66.7    0.01155     5365          0
h012f012    66.712   0.011555     5366          0
h012f012    66.724   0.011571     5367          0
h012f012    66.735   0.011611     5368          0
h012f012    66.747   0.011619     5369          0
h012f012    66.758   0.011625     5370          0
h012f012     66.77    0.01164     5371          0
h012f012    66.782   0.011656     5372          0
h012f012    66.793   0.011656     5373          0
h012f012    66.805   0.011656     5374          0
h012f012    66.817   0.011656     5375          0
h012f012    66.828   0.011657     5376          0
h012f012     66.84   0.011659     5377          0
h012f012    66.852   0.011662     5378          0
h012f012    66.863   0.011669     5379          0
h012f012    66.875   0.011673     5380          0
h012f012    66.887    0.01168     5381          0
h012f012    66.898   0.011689     5382          0
h012f012     66.91   0.011697     5383          0
h012f012    66.922   0.011695     5384          0
h012f012    66.933   0.011694     5385          0
LOG      t=66.9333 	 divbmax: 175 74 3.36797e-12
h012f012    66.945   0.011694     5386          0
h012f012    66.957     0.0117     5387          0
h012f012    66.968   0.011733     5388          0
h012f012     66.98   0.011758     5389          0
h012f012    66.992   0.011767     5390          0
h012f012    67.004   0.011784     5391          0
h012f012    67.015   0.011799     5392          0
h012f012    67.027   0.011799     5393          0
h012f012    67.039   0.011799     5394          0
h012f012    67.051     0.0118     5395          0
h012f012    67.063     0.0118     5396          0
h012f012    67.074   0.011803     5397          0
h012f012    67.086   0.011809     5398          0
h012f012    67.098   0.011815     5399          0
RESTART file=dumps/rdump1
h012f012     67.11   0.011821     5400          0
h012f012    67.122   0.011831     5401          0
h012f012    67.134   0.011841     5402          0
h012f012    67.145    0.01184     5403          0
h012f012    67.157   0.011838     5404          0
h012f012    67.169   0.011839     5405          0
h012f012    67.181   0.011845     5406          0
h012f012    67.193    0.01189     5407          0
h012f012    67.205   0.011907     5408          0
h012f012    67.217    0.01192     5409          0
h012f012    67.228   0.011942     5410          0
h012f012     67.24   0.011942     5411          0
h012f012    67.252   0.011943     5412          0
h012f012    67.264   0.011943     5413          0
h012f012    67.276   0.011944     5414          0
h012f012    67.288   0.011948     5415          0
h012f012      67.3   0.011955     5416          0
h012f012    67.312   0.011963     5417          0
h012f012    67.324   0.011972     5418          0
h012f012    67.336   0.011983     5419          0
h012f012    67.348   0.011982     5420          0
h012f012     67.36   0.011981     5421          0
h012f012    67.372   0.011981     5422          0
h012f012    67.384   0.011987     5423          0
h012f012    67.396   0.012032     5424          0
h012f012    67.408   0.012052     5425          0
h012f012     67.42   0.012067     5426          0
h012f012    67.432   0.012086     5427          0
h012f012    67.444   0.012086     5428          0
h012f012    67.456   0.012087     5429          0
h012f012    67.468   0.012088     5430          0
h012f012     67.48   0.012089     5431          0
h012f012    67.493   0.012093     5432          0
h012f012    67.505   0.012101     5433          0
h012f012    67.517    0.01211     5434          0
h012f012    67.529   0.012122     5435          0
h012f012    67.541    0.01213     5436          0
h012f012    67.553   0.012127     5437          0
h012f012    67.565   0.012125     5438          0
h012f012    67.577   0.012129     5439          0
h012f012    67.589   0.012176     5440          0
h012f012    67.602   0.012198     5441          0
h012f012    67.614   0.012221     5442          0
h012f012    67.626   0.012231     5443          0
h012f012    67.638   0.012231     5444          0
h012f012    67.651   0.012232     5445          0
h012f012    67.663   0.012233     5446          0
h012f012    67.675   0.012237     5447          0
h012f012    67.687   0.012244     5448          0
h012f012    67.699   0.012254     5449          0
h012f012    67.712   0.012256     5450          0
h012f012    67.724   0.012218     5451          0
h012f012    67.736   0.012198     5452          0
h012f012    67.748   0.012208     5453          0
h012f012    67.761   0.012226     5454          0
h012f012    67.773   0.012218     5455          0
h012f012    67.785   0.012215     5456          0
h012f012    67.797     0.0122     5457          0
h012f012    67.809   0.012172     5458          0
h012f012    67.822   0.012165     5459          0
h012f012    67.834   0.012159     5460          0
h012f012    67.846   0.012123     5461          0
h012f012    67.858   0.012115     5462          0
h012f012     67.87   0.012143     5463          0
h012f012    67.882   0.012147     5464          0
h012f012    67.894    0.01214     5465          0
h012f012    67.907    0.01213     5466          0
h012f012    67.919   0.012103     5467          0
h012f012    67.931   0.012084     5468          0
h012f012    67.943   0.012082     5469          0
h012f012    67.955   0.012061     5470          0
h012f012    67.967   0.012036     5471          0
h012f012    67.979    0.01204     5472          0
h012f012    67.991    0.01207     5473          0
h012f012    68.003   0.012065     5474          0
h012f012    68.015   0.012057     5475          0
h012f012    68.027   0.012045     5476          0
h012f012    68.039   0.012009     5477          0
h012f012    68.051   0.011995     5478          0
h012f012    68.063      0.012     5479          0
h012f012    68.075   0.011974     5480          0
h012f012    68.087   0.011956     5481          0
h012f012    68.099   0.011963     5482          0
h012f012    68.111   0.011993     5483          0
h012f012    68.123   0.011984     5484          0
h012f012    68.135   0.011976     5485          0
h012f012    68.147   0.011956     5486          0
h012f012    68.159   0.011921     5487          0
h012f012    68.171   0.011907     5488          0
h012f012    68.183   0.011909     5489          0
h012f012    68.195   0.011898     5490          0
h012f012    68.207   0.011876     5491          0
h012f012    68.219   0.011876     5492          0
h012f012    68.231   0.011914     5493          0
h012f012    68.242   0.011904     5494          0
h012f012    68.254   0.011899     5495          0
h012f012    68.266   0.011867     5496          0
h012f012    68.278   0.011846     5497          0
h012f012     68.29   0.011827     5498          0
h012f012    68.302   0.011819     5499          0
RESTART  file=dumps/rdump0
h012f012    68.314   0.011834     5500          0
h012f012    68.325   0.011802     5501          0
h012f012    68.337   0.011791     5502          0
h012f012    68.349   0.011815     5503          0
h012f012    68.361   0.011826     5504          0
h012f012    68.373    0.01182     5505          0
h012f012    68.385   0.011815     5506          0
h012f012    68.396   0.011789     5507          0
h012f012    68.408   0.011758     5508          0
h012f012     68.42   0.011741     5509          0
h012f012    68.432   0.011736     5510          0
h012f012    68.443   0.011742     5511          0
h012f012    68.455   0.011719     5512          0
h012f012    68.467   0.011717     5513          0
h012f012    68.479   0.011739     5514          0
h012f012     68.49   0.011735     5515          0
h012f012    68.502   0.011725     5516          0
h012f012    68.514    0.01171     5517          0
h012f012    68.525   0.011698     5518          0
h012f012    68.537   0.011678     5519          0
h012f012    68.549   0.011658     5520          0
h012f012     68.56   0.011653     5521          0
h012f012    68.572    0.01167     5522          0
h012f012    68.584   0.011677     5523          0
h012f012    68.595   0.011677     5524          0
h012f012    68.607   0.011645     5525          0
h012f012    68.619   0.011629     5526          0
h012f012     68.63   0.011618     5527          0
h012f012    68.642   0.011612     5528          0
h012f012    68.654   0.011607     5529          0
h012f012    68.665   0.011599     5530          0
h012f012    68.677    0.01158     5531          0
h012f012    68.688   0.011573     5532          0
h012f012      68.7   0.011587     5533          0
h012f012    68.712   0.011604     5534          0
h012f012    68.723   0.011599     5535          0
h012f012    68.735   0.011588     5536          0
h012f012    68.746   0.011585     5537          0
h012f012    68.758   0.011582     5538          0
h012f012     68.77   0.011574     5539          0
h012f012    68.781   0.011564     5540          0
h012f012    68.793   0.011556     5541          0
h012f012    68.804   0.011549     5542          0
h012f012    68.816   0.011543     5543          0
h012f012    68.827   0.011513     5544          0
h012f012    68.839   0.011492     5545          0
h012f012     68.85   0.011485     5546          0
h012f012    68.862   0.011481     5547          0
h012f012    68.873   0.011467     5548          0
h012f012    68.885   0.011461     5549          0
h012f012    68.896   0.011459     5550          0
h012f012    68.908   0.011469     5551          0
h012f012    68.919   0.011468     5552          0
h012f012    68.931   0.011472     5553          0
LOG      t=68.9307 	 divbmax: 164 77 3.36259e-12
h012f012    68.942   0.011477     5554          0
h012f012    68.954    0.01148     5555          0
h012f012    68.965   0.011475     5556          0
h012f012    68.977   0.011469     5557          0
h012f012    68.988   0.011466     5558          0
h012f012        69   0.011463     5559          0
h012f012    69.011   0.011461     5560          0
h012f012    69.022   0.011439     5561          0
h012f012    69.034   0.011414     5562          0
h012f012    69.045   0.011403     5563          0
h012f012    69.057   0.011412     5564          0
h012f012    69.068   0.011416     5565          0
h012f012     69.08   0.011417     5566          0
h012f012    69.091   0.011409     5567          0
h012f012    69.102   0.011389     5568          0
h012f012    69.114   0.011379     5569          0
h012f012    69.125   0.011372     5570          0
h012f012    69.136   0.011366     5571          0
h012f012    69.148    0.01136     5572          0
h012f012    69.159   0.011355     5573          0
h012f012    69.171   0.011352     5574          0
h012f012    69.182   0.011349     5575          0
h012f012    69.193   0.011345     5576          0
h012f012    69.205   0.011349     5577          0
h012f012    69.216   0.011352     5578          0
h012f012    69.227   0.011354     5579          0
h012f012    69.239   0.011355     5580          0
h012f012     69.25   0.011353     5581          0
h012f012    69.261   0.011348     5582          0
h012f012    69.273   0.011341     5583          0
h012f012    69.284   0.011324     5584          0
h012f012    69.295   0.011298     5585          0
h012f012    69.307   0.011279     5586          0
h012f012    69.318   0.011271     5587          0
h012f012    69.329   0.011285     5588          0
h012f012    69.341   0.011293     5589          0
h012f012    69.352   0.011287     5590          0
h012f012    69.363   0.011281     5591          0
h012f012    69.374   0.011277     5592          0
h012f012    69.386   0.011268     5593          0
h012f012    69.397   0.011253     5594          0
h012f012    69.408   0.011243     5595          0
h012f012    69.419   0.011234     5596          0
h012f012    69.431   0.011225     5597          0
h012f012    69.442   0.011218     5598          0
h012f012    69.453   0.011216     5599          0
RESTART file=dumps/rdump1
h012f012    69.464   0.011214     5600          0
h012f012    69.476   0.011216     5601          0
h012f012    69.487   0.011217     5602          0
h012f012    69.498   0.011211     5603          0
h012f012    69.509   0.011206     5604          0
h012f012     69.52   0.011203     5605          0
h012f012    69.532   0.011201     5606          0
h012f012    69.543   0.011201     5607          0
h012f012    69.554   0.011201     5608          0
h012f012    69.565   0.011204     5609          0
h012f012    69.576   0.011207     5610          0
h012f012    69.588   0.011212     5611          0
h012f012    69.599   0.011222     5612          0
h012f012     69.61   0.011236     5613          0
h012f012    69.621   0.011252     5614          0
h012f012    69.633   0.011269     5615          0
h012f012    69.644   0.011273     5616          0
h012f012    69.655   0.011282     5617          0
h012f012    69.666   0.011306     5618          0
h012f012    69.678    0.01131     5619          0
h012f012    69.689   0.011317     5620          0
h012f012      69.7   0.011327     5621          0
h012f012    69.712   0.011329     5622          0
h012f012    69.723   0.011332     5623          0
h012f012    69.734   0.011336     5624          0
h012f012    69.746   0.011337     5625          0
h012f012    69.757   0.011338     5626          0
h012f012    69.768    0.01134     5627          0
h012f012     69.78   0.011344     5628          0
h012f012    69.791   0.011348     5629          0
h012f012    69.802   0.011355     5630          0
h012f012    69.814   0.011362     5631          0
h012f012    69.825    0.01137     5632          0
h012f012    69.836   0.011372     5633          0
h012f012    69.848   0.011372     5634          0
h012f012    69.859   0.011372     5635          0
h012f012     69.87   0.011372     5636          0
h012f012    69.882   0.011373     5637          0
h012f012    69.893   0.011377     5638          0
h012f012    69.905   0.011396     5639          0
h012f012    69.916   0.011416     5640          0
h012f012    69.927   0.011419     5641          0
h012f012    69.939    0.01143     5642          0
h012f012     69.95   0.011444     5643          0
h012f012    69.962   0.011458     5644          0
h012f012    69.973   0.011471     5645          0
h012f012    69.985   0.011472     5646          0
h012f012    69.996   0.011472     5647          0
h012f012    70.008   0.011472     5648          0
h012f012    70.019   0.011474     5649          0
h012f012    70.031   0.011475     5650          0
h012f012    70.042   0.011478     5651          0
h012f012    70.053   0.011483     5652          0
h012f012    70.065   0.011486     5653          0
h012f012    70.076   0.011488     5654          0
h012f012    70.088   0.011491     5655          0
h012f012    70.099   0.011495     5656          0
h012f012    70.111     0.0115     5657          0
h012f012    70.122   0.011507     5658          0
h012f012    70.134   0.011509     5659          0
h012f012    70.145   0.011509     5660          0
h012f012    70.157    0.01151     5661          0
h012f012    70.168   0.011512     5662          0
h012f012     70.18   0.011514     5663          0
h012f012    70.192   0.011517     5664          0
h012f012    70.203   0.011521     5665          0
h012f012    70.215   0.011531     5666          0
h012f012    70.226   0.011565     5667          0
h012f012    70.238   0.011567     5668          0
h012f012    70.249   0.011571     5669          0
h012f012    70.261   0.011584     5670          0
h012f012    70.272   0.011601     5671          0
h012f012    70.284   0.011615     5672          0
h012f012    70.296   0.011616     5673          0
h012f012    70.307   0.011617     5674          0
h012f012    70.319   0.011617     5675          0
h012f012     70.33   0.011618     5676          0
h012f012    70.342   0.011621     5677          0
h012f012    70.354   0.011624     5678          0
h012f012    70.365    0.01163     5679          0
h012f012    70.377   0.011633     5680          0
h012f012    70.389   0.011635     5681          0
h012f012      70.4    0.01164     5682          0
h012f012    70.412   0.011647     5683          0
h012f012    70.423   0.011654     5684          0
h012f012    70.435   0.011653     5685          0
h012f012    70.447   0.011653     5686          0
h012f012    70.458   0.011655     5687          0
h012f012     70.47   0.011657     5688          0
h012f012    70.482    0.01166     5689          0
h012f012    70.493   0.011663     5690          0
h012f012    70.505   0.011673     5691          0
h012f012    70.517    0.01171     5692          0
h012f012    70.528   0.011715     5693          0
h012f012     70.54   0.011721     5694          0
h012f012    70.552   0.011739     5695          0
h012f012    70.564   0.011761     5696          0
h012f012    70.575   0.011761     5697          0
h012f012    70.587   0.011761     5698          0
h012f012    70.599   0.011763     5699          0
RESTART  file=dumps/rdump0
h012f012    70.611   0.011763     5700          0
h012f012    70.622   0.011766     5701          0
h012f012    70.634   0.011771     5702          0
h012f012    70.646   0.011777     5703          0
h012f012    70.658   0.011781     5704          0
h012f012     70.67   0.011786     5705          0
h012f012    70.681   0.011793     5706          0
h012f012    70.693   0.011802     5707          0
h012f012    70.705   0.011807     5708          0
h012f012    70.717   0.011807     5709          0
h012f012    70.729   0.011809     5710          0
h012f012     70.74   0.011812     5711          0
h012f012    70.752   0.011816     5712          0
h012f012    70.764   0.011835     5713          0
h012f012    70.776   0.011868     5714          0
h012f012    70.788   0.011873     5715          0
h012f012      70.8    0.01189     5716          0
h012f012    70.811    0.01191     5717          0
h012f012    70.823    0.01191     5718          0
h012f012    70.835    0.01191     5719          0
h012f012    70.847   0.011911     5720          0
h012f012    70.859   0.011912     5721          0
h012f012    70.871   0.011914     5722          0
h012f012    70.883   0.011919     5723          0
h012f012    70.895   0.011925     5724          0
h012f012    70.907    0.01193     5725          0
h012f012    70.919   0.011934     5726          0
h012f012    70.931    0.01194     5727          0
LOG      t=70.9306 	 divbmax: 164 77 3.48099e-12
h012f012    70.943   0.011949     5728          0
h012f012    70.954   0.011961     5729          0
h012f012    70.966   0.011963     5730          0
h012f012    70.978   0.011965     5731          0
h012f012     70.99   0.011972     5732          0
h012f012    71.002   0.012019     5733          0
h012f012    71.014   0.012037     5734          0
h012f012    71.026   0.012055     5735          0
h012f012    71.038   0.012052     5736          0
h012f012    71.051    0.01205     5737          0
h012f012    71.063   0.012049     5738          0
h012f012    71.075   0.012049     5739          0
h012f012    71.087   0.012052     5740          0
h012f012    71.099   0.012059     5741          0
h012f012    71.111   0.012062     5742          0
h012f012    71.123   0.012067     5743          0
h012f012    71.135   0.012076     5744          0
h012f012    71.147   0.012095     5745          0
h012f012    71.159   0.012115     5746          0
h012f012    71.171   0.012117     5747          0
h012f012    71.183   0.012167     5748          0
h012f012    71.195   0.012194     5749          0
h012f012    71.208    0.01219     5750          0
h012f012     71.22   0.012191     5751          0
h012f012    71.232   0.012194     5752          0
h012f012    71.244   0.012192     5753          0
h012f012    71.256   0.012203     5754          0
h012f012    71.269   0.012216     5755          0
h012f012    71.281   0.012244     5756          0
h012f012    71.293   0.012281     5757          0
h012f012    71.305   0.012304     5758          0
h012f012    71.318   0.012359     5759          0
h012f012     71.33   0.012358     5760          0
h012f012    71.342   0.012363     5761          0
h012f012    71.355   0.012373     5762          0
h012f012    71.367   0.012395     5763          0
h012f012     71.38   0.012443     5764          0
h012f012    71.392   0.012469     5765          0
h012f012    71.404    0.01252     5766          0
h012f012    71.417   0.012522     5767          0
h012f012    71.429   0.012534     5768          0
h012f012    71.442   0.012565     5769          0
h012f012    71.455   0.012596     5770          0
h012f012    71.467   0.012611     5771          0
h012f012     71.48   0.012623     5772          0
h012f012    71.492    0.01262     5773          0
h012f012    71.505   0.012589     5774          0
h012f012    71.518   0.012561     5775          0
h012f012     71.53   0.012557     5776          0
h012f012    71.543    0.01257     5777          0
h012f012    71.555   0.012557     5778          0
h012f012    71.568   0.012542     5779          0
h012f012     71.58   0.012532     5780          0
h012f012    71.593   0.012528     5781          0
h012f012    71.605   0.012524     5782          0
h012f012    71.618   0.012521     5783          0
h012f012    71.631   0.012519     5784          0
h012f012    71.643   0.012518     5785          0
h012f012    71.656   0.012517     5786          0
h012f012    71.668   0.012516     5787          0
h012f012    71.681   0.012515     5788          0
h012f012    71.693   0.012515     5789          0
h012f012    71.706   0.012515     5790          0
h012f012    71.718   0.012514     5791          0
h012f012    71.731   0.012514     5792          0
h012f012    71.743   0.012514     5793          0
h012f012    71.756   0.012514     5794          0
h012f012    71.768   0.012514     5795          0
h012f012    71.781   0.012514     5796          0
h012f012    71.793   0.012514     5797          0
h012f012    71.806   0.012514     5798          0
h012f012    71.818   0.012513     5799          0
RESTART file=dumps/rdump1
h012f012    71.831   0.012513     5800          0
h012f012    71.843   0.012513     5801          0
h012f012    71.856   0.012512     5802          0
h012f012    71.868   0.012512     5803          0
h012f012    71.881   0.012511     5804          0
h012f012    71.893   0.012511     5805          0
h012f012    71.906   0.012511     5806          0
h012f012    71.918   0.012511     5807          0
h012f012    71.931   0.012511     5808          0
h012f012    71.943   0.012511     5809          0
h012f012    71.956   0.012511     5810          0
h012f012    71.968   0.012512     5811          0
h012f012    71.981   0.012512     5812          0
h012f012    71.993   0.012512     5813          0
h012f012    72.006   0.012511     5814          0
h012f012    72.018   0.012511     5815          0
h012f012    72.031   0.012511     5816          0
h012f012    72.043   0.012511     5817          0
h012f012    72.056   0.012511     5818          0
h012f012    72.068   0.012511     5819          0
h012f012    72.081   0.012511     5820          0
h012f012    72.093   0.012511     5821          0
h012f012    72.106   0.012512     5822          0
h012f012    72.119   0.012512     5823          0
h012f012    72.131   0.012512     5824          0
h012f012    72.144   0.012512     5825          0
h012f012    72.156   0.012512     5826          0
h012f012    72.169   0.012512     5827          0
h012f012    72.181   0.012512     5828          0
h012f012    72.194   0.012512     5829          0
h012f012    72.206   0.012512     5830          0
h012f012    72.219   0.012512     5831          0
h012f012    72.231   0.012512     5832          0
h012f012    72.244   0.012512     5833          0
h012f012    72.256   0.012512     5834          0
h012f012    72.269   0.012512     5835          0
h012f012    72.281   0.012512     5836          0
h012f012    72.294   0.012512     5837          0
h012f012    72.306   0.012511     5838          0
h012f012    72.319   0.012511     5839          0
h012f012    72.331   0.012511     5840          0
h012f012    72.344   0.012511     5841          0
h012f012    72.356   0.012511     5842          0
h012f012    72.369   0.012511     5843          0
h012f012    72.381   0.012511     5844          0
h012f012    72.394   0.012511     5845          0
h012f012    72.406   0.012511     5846          0
h012f012    72.419    0.01251     5847          0
h012f012    72.431    0.01251     5848          0
h012f012    72.444    0.01251     5849          0
h012f012    72.456    0.01251     5850          0
h012f012    72.469    0.01251     5851          0
h012f012    72.481    0.01251     5852          0
h012f012    72.494    0.01251     5853          0
h012f012    72.506    0.01251     5854          0
h012f012    72.519    0.01251     5855          0
h012f012    72.531   0.012509     5856          0
h012f012    72.544   0.012509     5857          0
h012f012    72.556   0.012509     5858          0
h012f012    72.569   0.012509     5859          0
h012f012    72.581   0.012509     5860          0
h012f012    72.594   0.012509     5861          0
h012f012    72.606   0.012509     5862          0
h012f012    72.619   0.012509     5863          0
h012f012    72.631   0.012508     5864          0
h012f012    72.644   0.012508     5865          0
h012f012    72.656   0.012508     5866          0
h012f012    72.669   0.012508     5867          0
h012f012    72.681   0.012508     5868          0
h012f012    72.694   0.012508     5869          0
h012f012    72.707   0.012508     5870          0
h012f012    72.719   0.012508     5871          0
h012f012    72.732   0.012508     5872          0
h012f012    72.744   0.012508     5873          0
h012f012    72.757   0.012508     5874          0
h012f012    72.769   0.012508     5875          0
h012f012    72.782   0.012508     5876          0
h012f012    72.794   0.012508     5877          0
h012f012    72.807   0.012508     5878          0
h012f012    72.819   0.012508     5879          0
h012f012    72.832   0.012508     5880          0
h012f012    72.844   0.012508     5881          0
h012f012    72.857   0.012508     5882          0
h012f012    72.869   0.012508     5883          0
h012f012    72.882   0.012508     5884          0
h012f012    72.894   0.012508     5885          0
h012f012    72.907   0.012508     5886          0
h012f012    72.919   0.012509     5887          0
h012f012    72.932   0.012509     5888          0
LOG      t=72.9316 	 divbmax: 140 111 3.63143e-12
h012f012    72.944   0.012509     5889          0
h012f012    72.957   0.012509     5890          0
h012f012    72.969   0.012509     5891          0
h012f012    72.982    0.01251     5892          0
h012f012    72.994    0.01251     5893          0
h012f012    73.007   0.012511     5894          0
h012f012    73.019   0.012512     5895          0
h012f012    73.032   0.012514     5896          0
h012f012    73.044   0.012515     5897          0
h012f012    73.057   0.012517     5898          0
h012f012    73.069   0.012518     5899          0
RESTART  file=dumps/rdump0
h012f012    73.082   0.012521     5900          0
h012f012    73.094   0.012523     5901          0
h012f012    73.107   0.012525     5902          0
h012f012    73.119   0.012528     5903          0
h012f012    73.132    0.01253     5904          0
h012f012    73.144   0.012533     5905          0
h012f012    73.157   0.012535     5906          0
h012f012    73.169   0.012537     5907          0
h012f012    73.182    0.01254     5908          0
h012f012    73.195   0.012542     5909          0
h012f012    73.207   0.012545     5910          0
h012f012     73.22   0.012547     5911          0
h012f012    73.232    0.01255     5912          0
h012f012    73.245   0.012553     5913          0
h012f012    73.257   0.012556     5914          0
h012f012     73.27   0.012559     5915          0
h012f012    73.282   0.012562     5916          0
h012f012    73.295   0.012564     5917          0
h012f012    73.308   0.012567     5918          0
h012f012     73.32    0.01257     5919          0
h012f012    73.333   0.012569     5920          0
h012f012    73.345   0.012565     5921          0
h012f012    73.358   0.012561     5922          0
h012f012     73.37   0.012557     5923          0
h012f012    73.383   0.012556     5924          0
h012f012    73.395    0.01257     5925          0
h012f012    73.408   0.012581     5926          0
h012f012    73.421    0.01258     5927          0
h012f012    73.433   0.012581     5928          0
h012f012    73.446   0.012586     5929          0
h012f012    73.458   0.012594     5930          0
h012f012    73.471   0.012605     5931          0
h012f012    73.484   0.012617     5932          0
h012f012    73.496   0.012635     5933          0
h012f012    73.509   0.012645     5934          0
h012f012    73.521   0.012633     5935          0
h012f012    73.534   0.012626     5936          0
h012f012    73.547    0.01262     5937          0
h012f012    73.559   0.012617     5938          0
h012f012    73.572   0.012619     5939          0
h012f012    73.585   0.012618     5940          0
h012f012    73.597   0.012617     5941          0
h012f012     73.61   0.012616     5942          0
h012f012    73.622   0.012616     5943          0
h012f012    73.635   0.012615     5944          0
h012f012    73.648   0.012617     5945          0
h012f012     73.66    0.01262     5946          0
h012f012    73.673   0.012621     5947          0
h012f012    73.686   0.012623     5948          0
h012f012    73.698   0.012631     5949          0
h012f012    73.711   0.012648     5950          0
h012f012    73.723   0.012669     5951          0
h012f012    73.736   0.012694     5952          0
h012f012    73.749   0.012723     5953          0
h012f012    73.762   0.012732     5954          0
h012f012    73.774   0.012791     5955          0
h012f012    73.787   0.012794     5956          0
h012f012      73.8   0.012794     5957          0
h012f012    73.813   0.012802     5958          0
h012f012    73.825   0.012818     5959          0
h012f012    73.838   0.012842     5960          0
h012f012    73.851   0.012865     5961          0
h012f012    73.864   0.012881     5962          0
h012f012    73.877   0.012917     5963          0
h012f012     73.89   0.012933     5964          0
h012f012    73.903   0.012936     5965          0
h012f012    73.916   0.012939     5966          0
h012f012    73.929   0.012944     5967          0
h012f012    73.942   0.012958     5968          0
h012f012    73.954   0.012977     5969          0
h012f012    73.967   0.012994     5970          0
h012f012     73.98      0.013     5971          0
h012f012    73.993   0.013016     5972          0
h012f012    74.006   0.013076     5973          0
h012f012     74.02   0.013074     5974          0
h012f012    74.033   0.013074     5975          0
h012f012    74.046    0.01308     5976          0
h012f012    74.059   0.013085     5977          0
h012f012    74.072   0.013091     5978          0
h012f012    74.085   0.013106     5979          0
h012f012    74.098   0.013127     5980          0
h012f012    74.111   0.013143     5981          0
h012f012    74.124   0.013148     5982          0
h012f012    74.137   0.013175     5983          0
h012f012    74.151   0.013222     5984          0
h012f012    74.164    0.01322     5985          0
h012f012    74.177   0.013221     5986          0
h012f012     74.19   0.013227     5987          0
h012f012    74.204   0.013232     5988          0
h012f012    74.217    0.01324     5989          0
h012f012     74.23   0.013205     5990          0
h012f012    74.243   0.013182     5991          0
h012f012    74.256   0.013161     5992          0
h012f012     74.27   0.013142     5993          0
h012f012    74.283   0.013127     5994          0
h012f012    74.296   0.013113     5995          0
h012f012    74.309   0.013099     5996          0
h012f012    74.322   0.013089     5997          0
h012f012    74.335   0.013081     5998          0
h012f012    74.348   0.013077     5999          0
RESTART file=dumps/rdump1
h012f012    74.361   0.013075     6000          0
h012f012    74.374   0.013069     6001          0
h012f012    74.387   0.013044     6002          0
h012f012      74.4   0.013026     6003          0
h012f012    74.413   0.013014     6004          0
h012f012    74.426    0.01301     6005          0
h012f012     74.44   0.013006     6006          0
h012f012    74.453   0.012996     6007          0
h012f012    74.466   0.012989     6008          0
h012f012    74.479   0.012987     6009          0
h012f012    74.491   0.012986     6010          0
h012f012    74.504   0.012986     6011          0
h012f012    74.517   0.012987     6012          0
h012f012     74.53   0.012986     6013          0
h012f012    74.543   0.012986     6014          0
h012f012    74.556   0.012984     6015          0
h012f012    74.569   0.012955     6016          0
h012f012    74.582   0.012932     6017          0
h012f012    74.595   0.012918     6018          0
h012f012    74.608   0.012904     6019          0
h012f012    74.621   0.012897     6020          0
h012f012    74.634   0.012893     6021          0
h012f012    74.647   0.012891     6022          0
h012f012     74.66   0.012881     6023          0
h012f012    74.673   0.012877     6024          0
h012f012    74.686   0.012875     6025          0
h012f012    74.698   0.012876     6026          0
h012f012    74.711   0.012877     6027          0
h012f012    74.724   0.012881     6028          0
h012f012    74.737   0.012868     6029          0
h012f012     74.75   0.012852     6030          0
h012f012    74.763   0.012841     6031          0
h012f012    74.776   0.012823     6032          0
h012f012    74.788   0.012818     6033          0
h012f012    74.801   0.012818     6034          0
h012f012    74.814   0.012824     6035          0
h012f012    74.827    0.01283     6036          0
h012f012     74.84   0.012838     6037          0
h012f012    74.853    0.01284     6038          0
h012f012    74.865   0.012842     6039          0
h012f012    74.878   0.012844     6040          0
h012f012    74.891   0.012845     6041          0
h012f012    74.904   0.012843     6042          0
h012f012    74.917   0.012829     6043          0
h012f012     74.93   0.012815     6044          0
LOG      t=74.9296 	 divbmax: 140 111 3.73424e-12
h012f012    74.942    0.01279     6045          0
h012f012    74.955   0.012784     6046          0
h012f012    74.968   0.012782     6047          0
h012f012    74.981   0.012782     6048          0
h012f012    74.994   0.012772     6049          0
h012f012    75.006   0.012765     6050          0
h012f012    75.019   0.012763     6051          0
h012f012    75.032   0.012765     6052          0
h012f012    75.045   0.012768     6053          0
h012f012    75.057   0.012774     6054          0
h012f012     75.07   0.012778     6055          0
h012f012    75.083   0.012769     6056          0
h012f012    75.096   0.012754     6057          0
h012f012    75.108   0.012733     6058          0
h012f012    75.121    0.01273     6059          0
h012f012    75.134   0.012732     6060          0
h012f012    75.147   0.012736     6061          0
h012f012    75.159   0.012732     6062          0
h012f012    75.172   0.012734     6063          0
h012f012    75.185   0.012738     6064          0
h012f012    75.198   0.012743     6065          0
h012f012     75.21   0.012749     6066          0
h012f012    75.223   0.012748     6067          0
h012f012    75.236   0.012747     6068          0
h012f012    75.249   0.012735     6069          0
h012f012    75.261   0.012725     6070          0
h012f012    75.274   0.012714     6071          0
h012f012    75.287   0.012697     6072          0
h012f012    75.299   0.012685     6073          0
h012f012    75.312   0.012677     6074          0
h012f012    75.325   0.012676     6075          0
h012f012    75.338   0.012677     6076          0
h012f012     75.35   0.012672     6077          0
h012f012    75.363   0.012673     6078          0
h012f012    75.376   0.012676     6079          0
h012f012    75.388   0.012681     6080          0
h012f012    75.401   0.012676     6081          0
h012f012    75.414   0.012661     6082          0
h012f012    75.426   0.012647     6083          0
h012f012    75.439   0.012631     6084          0
h012f012    75.451   0.012629     6085          0
h012f012    75.464    0.01263     6086          0
h012f012    75.477   0.012633     6087          0
h012f012    75.489    0.01263     6088          0
h012f012    75.502   0.012631     6089          0
h012f012    75.515   0.012633     6090          0
h012f012    75.527   0.012637     6091          0
h012f012     75.54   0.012635     6092          0
h012f012    75.553   0.012615     6093          0
h012f012    75.565   0.012602     6094          0
h012f012    75.578   0.012585     6095          0
h012f012     75.59   0.012577     6096          0
h012f012    75.603   0.012567     6097          0
h012f012    75.615    0.01256     6098          0
h012f012    75.628   0.012561     6099          0
RESTART  file=dumps/rdump0
h012f012    75.641   0.012565     6100          0
h012f012    75.653   0.012568     6101          0
h012f012    75.666   0.012572     6102          0
h012f012    75.678   0.012568     6103          0
h012f012    75.691   0.012551     6104          0
h012f012    75.703   0.012534     6105          0
h012f012    75.716   0.012522     6106          0
h012f012    75.728   0.012519     6107          0
h012f012    75.741   0.012519     6108          0
h012f012    75.754   0.012525     6109          0
h012f012    75.766    0.01253     6110          0
h012f012    75.779   0.012531     6111          0
h012f012    75.791   0.012534     6112          0
h012f012    75.804   0.012525     6113          0
h012f012    75.816   0.012507     6114          0
h012f012    75.829   0.012488     6115          0
h012f012    75.841   0.012475     6116          0
h012f012    75.854    0.01247     6117          0
h012f012    75.866   0.012465     6118          0
h012f012    75.879   0.012459     6119          0
h012f012    75.891   0.012459     6120          0
h012f012    75.904   0.012462     6121          0
h012f012    75.916   0.012459     6122          0
h012f012    75.928    0.01244     6123          0
h012f012    75.941   0.012422     6124          0
h012f012    75.953   0.012407     6125          0
h012f012    75.966   0.012405     6126          0
h012f012    75.978     0.0124     6127          0
h012f012     75.99   0.012401     6128          0
h012f012    76.003   0.012404     6129          0
h012f012    76.015   0.012411     6130          0
h012f012    76.028   0.012399     6131          0
h012f012     76.04   0.012378     6132          0
h012f012    76.052   0.012357     6133          0
h012f012    76.065   0.012355     6134          0
h012f012    76.077   0.012358     6135          0
h012f012     76.09   0.012364     6136          0
h012f012    76.102   0.012359     6137          0
h012f012    76.114   0.012356     6138          0
h012f012    76.127   0.012355     6139          0
h012f012    76.139   0.012344     6140          0
h012f012    76.151   0.012328     6141          0
h012f012    76.164   0.012312     6142          0
h012f012    76.176   0.012311     6143          0
h012f012    76.188   0.012311     6144          0
h012f012    76.201   0.012314     6145          0
h012f012    76.213   0.012321     6146          0
h012f012    76.225   0.012331     6147          0
h012f012    76.238   0.012335     6148          0
h012f012     76.25   0.012324     6149          0
h012f012    76.262   0.012305     6150          0
h012f012    76.275   0.012303     6151          0
h012f012    76.287   0.012309     6152          0
h012f012    76.299    0.01229     6153          0
h012f012    76.311   0.012287     6154          0
h012f012    76.324    0.01229     6155          0
h012f012    76.336   0.012298     6156          0
h012f012    76.348   0.012279     6157          0
h012f012    76.361   0.012269     6158          0
h012f012    76.373   0.012238     6159          0
h012f012    76.385   0.012232     6160          0
h012f012    76.397   0.012236     6161          0
h012f012     76.41   0.012249     6162          0
h012f012    76.422   0.012264     6163          0
h012f012    76.434   0.012244     6164          0
h012f012    76.446   0.012246     6165          0
h012f012    76.459   0.012216     6166          0
h012f012    76.471   0.012218     6167          0
h012f012    76.483   0.012233     6168          0
h012f012    76.495   0.012254     6169          0
h012f012    76.507   0.012274     6170          0
h012f012     76.52   0.012293     6171          0
h012f012    76.532   0.012287     6172          0
h012f012    76.544   0.012291     6173          0
h012f012    76.557    0.01228     6174          0
h012f012    76.569   0.012279     6175          0
h012f012    76.581   0.012292     6176          0
h012f012    76.593   0.012317     6177          0
h012f012    76.606   0.012348     6178          0
h012f012    76.618   0.012371     6179          0
h012f012    76.631   0.012394     6180          0
h012f012    76.643   0.012416     6181          0
h012f012    76.655   0.012438     6182          0
h012f012    76.668   0.012432     6183          0
h012f012     76.68    0.01244     6184          0
h012f012    76.693   0.012439     6185          0
h012f012    76.705   0.012451     6186          0
h012f012    76.718   0.012459     6187          0
h012f012     76.73   0.012486     6188          0
h012f012    76.742   0.012518     6189          0
h012f012    76.755   0.012554     6190          0
h012f012    76.768   0.012586     6191          0
h012f012     76.78   0.012615     6192          0
h012f012    76.793   0.012643     6193          0
h012f012    76.805   0.012673     6194          0
h012f012    76.818   0.012703     6195          0
h012f012    76.831   0.012733     6196          0
h012f012    76.843   0.012748     6197          0
h012f012    76.856   0.012769     6198          0
h012f012    76.869   0.012781     6199          0
RESTART file=dumps/rdump1
h012f012    76.882   0.012798     6200          0
h012f012    76.895   0.012821     6201          0
h012f012    76.907   0.012847     6202          0
h012f012     76.92   0.012875     6203          0
h012f012    76.933   0.012904     6204          0
LOG      t=76.9331 	 divbmax: 140 111 3.73701e-12
h012f012    76.946   0.012931     6205          0
h012f012    76.959   0.012967     6206          0
h012f012    76.972   0.013004     6207          0
h012f012    76.985   0.013041     6208          0
h012f012    76.998   0.013079     6209          0
h012f012    77.011   0.013117     6210          0
h012f012    77.024   0.013156     6211          0
h012f012    77.037   0.013195     6212          0
h012f012    77.051   0.013233     6213          0
h012f012    77.064   0.013269     6214          0
h012f012    77.077   0.013306     6215          0
h012f012     77.09   0.013345     6216          0
h012f012    77.104   0.013383     6217          0
h012f012    77.117   0.013364     6218          0
h012f012     77.13   0.013348     6219          0
h012f012    77.144   0.013333     6220          0
h012f012    77.157    0.01332     6221          0
h012f012     77.17   0.013307     6222          0
h012f012    77.184   0.013294     6223          0
h012f012    77.197   0.013282     6224          0
h012f012     77.21   0.013261     6225          0
h012f012    77.224   0.013238     6226          0
h012f012    77.237   0.013216     6227          0
h012f012     77.25   0.013195     6228          0
h012f012    77.263   0.013179     6229          0
h012f012    77.276   0.013164     6230          0
h012f012     77.29   0.013149     6231          0
h012f012    77.303   0.013135     6232          0
h012f012    77.316   0.013122     6233          0
h012f012    77.329    0.01311     6234          0
h012f012    77.342   0.013089     6235          0
h012f012    77.355   0.013065     6236          0
h012f012    77.368   0.013042     6237          0
h012f012    77.381   0.013022     6238          0
h012f012    77.394   0.013005     6239          0
h012f012    77.407   0.012989     6240          0
h012f012     77.42   0.012973     6241          0
h012f012    77.433   0.012959     6242          0
h012f012    77.446   0.012945     6243          0
h012f012    77.459   0.012931     6244          0
h012f012    77.472   0.012914     6245          0
h012f012    77.485   0.012888     6246          0
h012f012    77.498   0.012866     6247          0
h012f012    77.511   0.012845     6248          0
h012f012    77.524   0.012826     6249          0
h012f012    77.536   0.012808     6250          0
h012f012    77.549   0.012791     6251          0
h012f012    77.562   0.012777     6252          0
h012f012    77.575   0.012764     6253          0
h012f012    77.588   0.012751     6254          0
h012f012      77.6   0.012729     6255          0
h012f012    77.613   0.012701     6256          0
h012f012    77.626   0.012678     6257          0
h012f012    77.638   0.012658     6258          0
h012f012    77.651    0.01264     6259          0
h012f012    77.664   0.012624     6260          0
h012f012    77.676   0.012607     6261          0
h012f012    77.689    0.01259     6262          0
h012f012    77.702   0.012577     6263          0
h012f012    77.714   0.012566     6264          0
h012f012    77.727   0.012539     6265          0
h012f012    77.739   0.012518     6266          0
h012f012    77.752   0.012497     6267          0
h012f012    77.764   0.012477     6268          0
h012f012    77.777   0.012459     6269          0
h012f012    77.789   0.012443     6270          0
h012f012    77.802   0.012429     6271          0
h012f012    77.814   0.012414     6272          0
h012f012    77.826   0.012393     6273          0
h012f012    77.839   0.012375     6274          0
h012f012    77.851   0.012362     6275          0
h012f012    77.864   0.012344     6276          0
h012f012    77.876   0.012324     6277          0
h012f012    77.888   0.012297     6278          0
h012f012    77.901   0.012271     6279          0
h012f012    77.913   0.012248     6280          0
h012f012    77.925   0.012226     6281          0
h012f012    77.937   0.012205     6282          0
h012f012     77.95    0.01219     6283          0
h012f012    77.962   0.012177     6284          0
h012f012    77.974   0.012166     6285          0
h012f012    77.986   0.012147     6286          0
h012f012    77.998   0.012121     6287          0
h012f012     78.01   0.012103     6288          0
h012f012    78.022   0.012084     6289          0
h012f012    78.035   0.012064     6290          0
h012f012    78.047   0.012048     6291          0
h012f012    78.059   0.012035     6292          0
h012f012    78.071    0.01202     6293          0
h012f012    78.083   0.011998     6294          0
h012f012    78.095    0.01198     6295          0
h012f012    78.107   0.011965     6296          0
h012f012    78.119   0.011948     6297          0
h012f012    78.131   0.011931     6298          0
h012f012    78.143   0.011903     6299          0
RESTART  file=dumps/rdump0
h012f012    78.154   0.011875     6300          0
h012f012    78.166    0.01185     6301          0
h012f012    78.178   0.011833     6302          0
h012f012     78.19   0.011817     6303          0
h012f012    78.202   0.011802     6304          0
h012f012    78.214   0.011792     6305          0
h012f012    78.225   0.011783     6306          0
h012f012    78.237   0.011771     6307          0
h012f012    78.249   0.011748     6308          0
h012f012    78.261   0.011728     6309          0
h012f012    78.272   0.011714     6310          0
h012f012    78.284     0.0117     6311          0
h012f012    78.296   0.011668     6312          0
h012f012    78.307   0.011641     6313          0
h012f012    78.319   0.011617     6314          0
h012f012    78.331   0.011601     6315          0
h012f012    78.342   0.011587     6316          0
h012f012    78.354   0.011572     6317          0
h012f012    78.366    0.01156     6318          0
h012f012    78.377   0.011551     6319          0
h012f012    78.389    0.01153     6320          0
h012f012      78.4   0.011508     6321          0
h012f012    78.412   0.011494     6322          0
h012f012    78.423   0.011482     6323          0
h012f012    78.435   0.011473     6324          0
h012f012    78.446   0.011455     6325          0
h012f012    78.458    0.01143     6326          0
h012f012    78.469   0.011409     6327          0
h012f012     78.48   0.011389     6328          0
h012f012    78.492   0.011375     6329          0
h012f012    78.503    0.01136     6330          0
h012f012    78.515   0.011346     6331          0
h012f012    78.526   0.011331     6332          0
h012f012    78.537   0.011309     6333          0
h012f012    78.549   0.011291     6334          0
h012f012     78.56   0.011281     6335          0
h012f012    78.571   0.011275     6336          0
h012f012    78.582    0.01127     6337          0
h012f012    78.594   0.011264     6338          0
h012f012    78.605   0.011259     6339          0
h012f012    78.616    0.01124     6340          0
h012f012    78.627   0.011218     6341          0
h012f012    78.639   0.011199     6342          0
h012f012     78.65   0.011184     6343          0
h012f012    78.661   0.011176     6344          0
h012f012    78.672   0.011151     6345          0
h012f012    78.683   0.011134     6346          0
h012f012    78.694   0.011115     6347          0
h012f012    78.706     0.0111     6348          0
h012f012    78.717   0.011095     6349          0
h012f012    78.728   0.011091     6350          0
h012f012    78.739   0.011086     6351          0
h012f012     78.75    0.01108     6352          0
h012f012    78.761   0.011069     6353          0
h012f012    78.772   0.011061     6354          0
h012f012    78.783   0.011055     6355          0
h012f012    78.794   0.011049     6356          0
h012f012    78.805   0.011044     6357          0
h012f012    78.816   0.011029     6358          0
h012f012    78.827   0.011005     6359          0
h012f012    78.838   0.010986     6360          0
h012f012    78.849    0.01097     6361          0
h012f012     78.86   0.010962     6362          0
h012f012    78.871   0.010951     6363          0
h012f012    78.882   0.010939     6364          0
h012f012    78.893    0.01093     6365          0
h012f012    78.904   0.010923     6366          0
h012f012    78.915   0.010913     6367          0
h012f012    78.926   0.010907     6368          0
LOG      t=78.9259 	 divbmax: 140 111 3.94218e-12
h012f012    78.937   0.010901     6369          0
h012f012    78.948   0.010897     6370          0
h012f012    78.959   0.010892     6371          0
h012f012     78.97   0.010889     6372          0
h012f012     78.98   0.010887     6373          0
h012f012    78.991   0.010871     6374          0
h012f012    79.002    0.01085     6375          0
h012f012    79.013   0.010832     6376          0
h012f012    79.024   0.010815     6377          0
h012f012    79.035   0.010806     6378          0
h012f012    79.045   0.010792     6379          0
h012f012    79.056   0.010779     6380          0
h012f012    79.067   0.010774     6381          0
h012f012    79.078   0.010769     6382          0
h012f012    79.089   0.010762     6383          0
h012f012    79.099   0.010756     6384          0
h012f012     79.11   0.010751     6385          0
h012f012    79.121   0.010749     6386          0
h012f012    79.132   0.010748     6387          0
h012f012    79.142   0.010735     6388          0
h012f012    79.153   0.010715     6389          0
h012f012    79.164   0.010696     6390          0
h012f012    79.174   0.010679     6391          0
h012f012    79.185    0.01067     6392          0
h012f012    79.196   0.010663     6393          0
h012f012    79.206   0.010657     6394          0
h012f012    79.217   0.010647     6395          0
h012f012    79.228    0.01064     6396          0
h012f012    79.238   0.010635     6397          0
h012f012    79.249    0.01063     6398          0
h012f012     79.26   0.010627     6399          0
RESTART file=dumps/rdump1
h012f012     79.27   0.010626     6400          0
h012f012    79.281   0.010612     6401          0
h012f012    79.292    0.01059     6402          0
h012f012    79.302   0.010573     6403          0
h012f012    79.313   0.010562     6404          0
h012f012    79.323   0.010553     6405          0
h012f012    79.334   0.010552     6406          0
h012f012    79.344    0.01055     6407          0
h012f012    79.355   0.010543     6408          0
h012f012    79.365   0.010536     6409          0
h012f012    79.376    0.01053     6410          0
h012f012    79.387   0.010527     6411          0
h012f012    79.397   0.010524     6412          0
h012f012    79.408   0.010511     6413          0
h012f012    79.418   0.010486     6414          0
h012f012    79.429   0.010469     6415          0
h012f012    79.439   0.010457     6416          0
h012f012     79.45    0.01045     6417          0
h012f012     79.46    0.01045     6418          0
h012f012     79.47   0.010451     6419          0
h012f012    79.481   0.010454     6420          0
h012f012    79.491   0.010451     6421          0
h012f012    79.502   0.010447     6422          0
h012f012    79.512   0.010444     6423          0
h012f012    79.523   0.010434     6424          0
h012f012    79.533   0.010406     6425          0
h012f012    79.544   0.010386     6426          0
h012f012    79.554   0.010372     6427          0
h012f012    79.564   0.010364     6428          0
h012f012    79.575   0.010362     6429          0
h012f012    79.585    0.01036     6430          0
h012f012    79.595   0.010359     6431          0
h012f012    79.606   0.010361     6432          0
h012f012    79.616   0.010368     6433          0
h012f012    79.626   0.010376     6434          0
h012f012    79.637   0.010352     6435          0
h012f012    79.647   0.010326     6436          0
h012f012    79.658   0.010304     6437          0
h012f012    79.668   0.010294     6438          0
h012f012    79.678   0.010286     6439          0
h012f012    79.688   0.010278     6440          0
h012f012    79.699   0.010274     6441          0
h012f012    79.709   0.010277     6442          0
h012f012    79.719   0.010283     6443          0
h012f012    79.729    0.01029     6444          0
h012f012     79.74   0.010297     6445          0
h012f012     79.75    0.01027     6446          0
h012f012     79.76   0.010249     6447          0
h012f012    79.771   0.010241     6448          0
h012f012    79.781   0.010227     6449          0
h012f012    79.791   0.010216     6450          0
h012f012    79.801   0.010214     6451          0
h012f012    79.812   0.010214     6452          0
h012f012    79.822   0.010216     6453          0
h012f012    79.832   0.010219     6454          0
h012f012    79.842   0.010223     6455          0
h012f012    79.852   0.010219     6456          0
h012f012    79.863   0.010211     6457          0
h012f012    79.873   0.010196     6458          0
h012f012    79.883   0.010186     6459          0
h012f012    79.893   0.010182     6460          0
h012f012    79.903   0.010178     6461          0
h012f012    79.914   0.010174     6462          0
h012f012    79.924   0.010153     6463          0
h012f012    79.934   0.010137     6464          0
h012f012    79.944   0.010126     6465          0
h012f012    79.954    0.01012     6466          0
h012f012    79.964   0.010118     6467          0
h012f012    79.974   0.010119     6468          0
h012f012    79.984   0.010123     6469          0
h012f012    79.995    0.01013     6470          0
h012f012    80.005   0.010137     6471          0
h012f012    80.015   0.010112     6472          0
h012f012    80.025   0.010095     6473          0
h012f012    80.035   0.010086     6474          0
h012f012    80.045   0.010078     6475          0
h012f012    80.055   0.010072     6476          0
h012f012    80.065   0.010067     6477          0
h012f012    80.075   0.010065     6478          0
h012f012    80.085   0.010064     6479          0
h012f012    80.096   0.010066     6480          0
h012f012    80.106   0.010069     6481          0
h012f012    80.116   0.010073     6482          0
h012f012    80.126   0.010075     6483          0
h012f012    80.136    0.01008     6484          0
h012f012    80.146   0.010089     6485          0
h012f012    80.156   0.010085     6486          0
h012f012    80.166   0.010082     6487          0
h012f012    80.176   0.010078     6488          0
h012f012    80.186   0.010056     6489          0
h012f012    80.196   0.010037     6490          0
h012f012    80.206   0.010026     6491          0
h012f012    80.216   0.010018     6492          0
h012f012    80.226   0.010017     6493          0
h012f012    80.236   0.010021     6494          0
h012f012    80.246   0.010025     6495          0
h012f012    80.256   0.010031     6496          0
h012f012    80.266   0.010038     6497          0
h012f012    80.276   0.010046     6498          0
h012f012    80.287   0.010053     6499          0
RESTART  file=dumps/rdump0
h012f012    80.297   0.010061     6500          0
h012f012    80.307   0.010068     6501          0
h012f012    80.317   0.010077     6502          0
h012f012    80.327   0.010086     6503          0
h012f012    80.337   0.010099     6504          0
h012f012    80.347   0.010113     6505          0
h012f012    80.357   0.010124     6506          0
h012f012    80.367   0.010138     6507          0
h012f012    80.377   0.010154     6508          0
h012f012    80.387   0.010174     6509          0
h012f012    80.398   0.010199     6510          0
h012f012    80.408   0.010233     6511          0
h012f012    80.418   0.010278     6512          0
h012f012    80.428   0.010263     6513          0
h012f012    80.439   0.010252     6514          0
h012f012    80.449   0.010247     6515          0
h012f012    80.459   0.010245     6516          0
h012f012    80.469   0.010245     6517          0
h012f012     80.48   0.010245     6518          0
h012f012     80.49   0.010246     6519          0
h012f012      80.5   0.010237     6520          0
h012f012     80.51   0.010235     6521          0
h012f012    80.521   0.010242     6522          0
h012f012    80.531   0.010256     6523          0
h012f012    80.541   0.010279     6524          0
h012f012    80.551   0.010303     6525          0
h012f012    80.562   0.010321     6526          0
h012f012    80.572   0.010314     6527          0
h012f012    80.582   0.010309     6528          0
h012f012    80.593    0.01031     6529          0
h012f012    80.603   0.010312     6530          0
h012f012    80.613   0.010304     6531          0
h012f012    80.624   0.010277     6532          0
h012f012    80.634    0.01028     6533          0
h012f012    80.644   0.010284     6534          0
h012f012    80.654   0.010289     6535          0
h012f012    80.665   0.010297     6536          0
h012f012    80.675   0.010308     6537          0
h012f012    80.685    0.01032     6538          0
h012f012    80.696   0.010334     6539          0
h012f012    80.706   0.010335     6540          0
h012f012    80.716   0.010334     6541          0
h012f012    80.727   0.010325     6542          0
h012f012    80.737   0.010341     6543          0
h012f012    80.747   0.010359     6544          0
h012f012    80.758   0.010381     6545          0
h012f012    80.768   0.010403     6546          0
h012f012    80.778   0.010426     6547          0
h012f012    80.789    0.01045     6548          0
h012f012    80.799   0.010475     6549          0
h012f012     80.81     0.0105     6550          0
h012f012     80.82   0.010526     6551          0
h012f012    80.831   0.010554     6552          0
h012f012    80.841   0.010586     6553          0
h012f012    80.852   0.010619     6554          0
h012f012    80.863   0.010655     6555          0
h012f012    80.873   0.010691     6556          0
h012f012    80.884   0.010728     6557          0
h012f012    80.895   0.010766     6558          0
h012f012    80.905   0.010805     6559          0
h012f012    80.916   0.010845     6560          0
h012f012    80.927   0.010887     6561          0
LOG      t=80.927 	 divbmax: 140 111 4.22218e-12
h012f012    80.938   0.010929     6562          0
h012f012    80.949   0.010974     6563          0
h012f012     80.96   0.011019     6564          0
h012f012    80.971   0.011066     6565          0
h012f012    80.982   0.011114     6566          0
h012f012    80.993   0.011163     6567          0
h012f012    81.004   0.011213     6568          0
h012f012    81.015   0.011265     6569          0
h012f012    81.027   0.011317     6570          0
h012f012    81.038   0.011371     6571          0
h012f012    81.049   0.011425     6572          0
h012f012    81.061   0.011483     6573          0
h012f012    81.072   0.011542     6574          0
h012f012    81.084   0.011604     6575          0
h012f012    81.095   0.011668     6576          0
h012f012    81.107   0.011731     6577          0
h012f012    81.119   0.011792     6578          0
h012f012    81.131   0.011854     6579          0
h012f012    81.142   0.011917     6580          0
h012f012    81.154   0.011981     6581          0
h012f012    81.166   0.012046     6582          0
h012f012    81.178   0.012112     6583          0
h012f012    81.191    0.01218     6584          0
h012f012    81.203   0.012248     6585          0
h012f012    81.215   0.012318     6586          0
h012f012    81.227   0.012386     6587          0
h012f012     81.24   0.012454     6588          0
h012f012    81.252   0.012522     6589          0
h012f012    81.265   0.012591     6590          0
h012f012    81.277    0.01266     6591          0
h012f012     81.29   0.012729     6592          0
h012f012    81.303   0.012798     6593          0
h012f012    81.315   0.012868     6594          0
h012f012    81.328   0.012937     6595          0
h012f012    81.341   0.013005     6596          0
h012f012    81.354   0.013073     6597          0
h012f012    81.367   0.013141     6598          0
h012f012     81.38    0.01321     6599          0
RESTART file=dumps/rdump1
h012f012    81.394   0.013278     6600          0
h012f012    81.407   0.013347     6601          0
h012f012     81.42   0.013416     6602          0
h012f012    81.434   0.013485     6603          0
h012f012    81.447   0.013555     6604          0
h012f012    81.461   0.013623     6605          0
h012f012    81.474   0.013689     6606          0
h012f012    81.488   0.013755     6607          0
h012f012    81.502    0.01382     6608          0
h012f012    81.516   0.013884     6609          0
h012f012    81.529   0.013948     6610          0
h012f012    81.543   0.014012     6611          0
h012f012    81.557   0.014075     6612          0
h012f012    81.572   0.014121     6613          0
h012f012    81.586   0.014097     6614          0
h012f012      81.6   0.014075     6615          0
h012f012    81.614   0.014055     6616          0
h012f012    81.628   0.014031     6617          0
h012f012    81.642   0.014017     6618          0
h012f012    81.656    0.01401     6619          0
h012f012     81.67   0.013996     6620          0
h012f012    81.684   0.013975     6621          0
h012f012    81.698   0.013955     6622          0
h012f012    81.712   0.013938     6623          0
h012f012    81.726   0.013919     6624          0
h012f012     81.74   0.013897     6625          0
h012f012    81.754   0.013884     6626          0
h012f012    81.767   0.013877     6627          0
h012f012    81.781   0.013868     6628          0
h012f012    81.795   0.013848     6629          0
h012f012    81.809    0.01383     6630          0
h012f012    81.823   0.013815     6631          0
h012f012    81.837   0.013803     6632          0
h012f012    81.851   0.013786     6633          0
h012f012    81.864   0.013776     6634          0
h012f012    81.878   0.013767     6635          0
h012f012    81.892   0.013756     6636          0
h012f012    81.906   0.013739     6637          0
h012f012    81.919   0.013723     6638          0
h012f012    81.933    0.01371     6639          0
h012f012    81.947   0.013701     6640          0
h012f012     81.96   0.013692     6641          0
h012f012    81.974   0.013679     6642          0
h012f012    81.988   0.013666     6643          0
h012f012    82.002   0.013661     6644          0
h012f012    82.015   0.013644     6645          0
h012f012    82.029    0.01363     6646          0
h012f012    82.042   0.013621     6647          0
h012f012    82.056   0.013617     6648          0
h012f012     82.07   0.013604     6649          0
h012f012    82.083    0.01359     6650          0
h012f012    82.097   0.013584     6651          0
h012f012     82.11   0.013579     6652          0
h012f012    82.124   0.013564     6653          0
h012f012    82.138   0.013554     6654          0
h012f012    82.151    0.01355     6655          0
h012f012    82.165   0.013545     6656          0
h012f012    82.178   0.013528     6657          0
h012f012    82.192    0.01352     6658          0
h012f012    82.205   0.013522     6659          0
h012f012    82.219   0.013511     6660          0
h012f012    82.232   0.013501     6661          0
h012f012    82.246   0.013498     6662          0
h012f012    82.259   0.013499     6663          0
h012f012    82.273   0.013483     6664          0
h012f012    82.286   0.013473     6665          0
h012f012      82.3   0.013472     6666          0
h012f012    82.313   0.013474     6667          0
h012f012    82.327   0.013466     6668          0
h012f012     82.34   0.013459     6669          0
h012f012    82.354   0.013458     6670          0
h012f012    82.367    0.01345     6671          0
h012f012    82.381   0.013443     6672          0
h012f012    82.394   0.013434     6673          0
h012f012    82.407   0.013421     6674          0
h012f012    82.421   0.013409     6675          0
h012f012    82.434   0.013398     6676          0
h012f012    82.448   0.013389     6677          0
h012f012    82.461    0.01338     6678          0
h012f012    82.474   0.013364     6679          0
h012f012    82.488   0.013347     6680          0
h012f012    82.501   0.013333     6681          0
h012f012    82.514    0.01332     6682          0
h012f012    82.528   0.013283     6683          0
h012f012    82.541   0.013251     6684          0
h012f012    82.554   0.013223     6685          0
h012f012    82.568   0.013202     6686          0
h012f012    82.581   0.013186     6687          0
h012f012    82.594   0.013173     6688          0
h012f012    82.607   0.013157     6689          0
h012f012     82.62   0.013122     6690          0
h012f012    82.633   0.013092     6691          0
h012f012    82.647   0.013066     6692          0
h012f012     82.66   0.013045     6693          0
h012f012    82.673   0.013029     6694          0
h012f012    82.686   0.013016     6695          0
h012f012    82.699   0.012999     6696          0
h012f012    82.712   0.012964     6697          0
h012f012    82.725   0.012932     6698          0
h012f012    82.738   0.012905     6699          0
RESTART  file=dumps/rdump0
h012f012     82.75   0.012882     6700          0
h012f012    82.763   0.012865     6701          0
h012f012    82.776   0.012852     6702          0
h012f012    82.789   0.012838     6703          0
h012f012    82.802   0.012801     6704          0
h012f012    82.815   0.012768     6705          0
h012f012    82.827   0.012741     6706          0
h012f012     82.84   0.012719     6707          0
h012f012    82.853   0.012702     6708          0
h012f012    82.866   0.012688     6709          0
h012f012    82.878   0.012676     6710          0
h012f012    82.891   0.012641     6711          0
h012f012    82.904   0.012609     6712          0
h012f012    82.916   0.012582     6713          0
h012f012    82.929   0.012559     6714          0
LOG      t=82.9288 	 divbmax: 140 111 4.20586e-12
h012f012    82.941   0.012541     6715          0
h012f012    82.954   0.012527     6716          0
h012f012    82.966   0.012515     6717          0
h012f012    82.979   0.012481     6718          0
h012f012    82.991   0.012448     6719          0
h012f012    83.004   0.012421     6720          0
h012f012    83.016   0.012399     6721          0
h012f012    83.029   0.012382     6722          0
h012f012    83.041   0.012369     6723          0
h012f012    83.053   0.012357     6724          0
h012f012    83.066   0.012343     6725          0
h012f012    83.078   0.012308     6726          0
h012f012     83.09    0.01228     6727          0
h012f012    83.103   0.012256     6728          0
h012f012    83.115   0.012237     6729          0
h012f012    83.127   0.012222     6730          0
h012f012    83.139   0.012211     6731          0
h012f012    83.152   0.012203     6732          0
h012f012    83.164   0.012196     6733          0
h012f012    83.176   0.012186     6734          0
h012f012    83.188   0.012159     6735          0
h012f012      83.2   0.012134     6736          0
h012f012    83.213   0.012112     6737          0
h012f012    83.225   0.012097     6738          0
h012f012    83.237   0.012084     6739          0
h012f012    83.249   0.012075     6740          0
h012f012    83.261   0.012065     6741          0
h012f012    83.273    0.01206     6742          0
h012f012    83.285   0.012053     6743          0
h012f012    83.297    0.01202     6744          0
h012f012    83.309   0.011989     6745          0
h012f012    83.321   0.011962     6746          0
h012f012    83.333   0.011938     6747          0
h012f012    83.345   0.011918     6748          0
h012f012    83.357   0.011902     6749          0
h012f012    83.369   0.011888     6750          0
h012f012    83.381   0.011877     6751          0
h012f012    83.393   0.011868     6752          0
h012f012    83.404    0.01186     6753          0
h012f012    83.416   0.011854     6754          0
h012f012    83.428   0.011851     6755          0
h012f012     83.44   0.011851     6756          0
h012f012    83.452   0.011851     6757          0
h012f012    83.464   0.011852     6758          0
h012f012    83.476   0.011857     6759          0
h012f012    83.487   0.011861     6760          0
h012f012    83.499   0.011867     6761          0
h012f012    83.511   0.011872     6762          0
h012f012    83.523   0.011854     6763          0
h012f012    83.535   0.011825     6764          0
h012f012    83.547   0.011802     6765          0
h012f012    83.559   0.011781     6766          0
h012f012     83.57   0.011758     6767          0
h012f012    83.582   0.011736     6768          0
h012f012    83.594   0.011719     6769          0
h012f012    83.606   0.011721     6770          0
h012f012    83.617   0.011714     6771          0
h012f012    83.629   0.011719     6772          0
h012f012    83.641   0.011736     6773          0
h012f012    83.652   0.011749     6774          0
h012f012    83.664   0.011764     6775          0
h012f012    83.676   0.011799     6776          0
h012f012    83.688   0.011794     6777          0
h012f012      83.7   0.011779     6778          0
h012f012    83.711   0.011762     6779          0
h012f012    83.723   0.011743     6780          0
h012f012    83.735   0.011734     6781          0
h012f012    83.747   0.011748     6782          0
h012f012    83.758   0.011762     6783          0
h012f012     83.77   0.011789     6784          0
h012f012    83.782    0.01183     6785          0
h012f012    83.794   0.011882     6786          0
h012f012    83.806   0.011925     6787          0
h012f012    83.817   0.011961     6788          0
h012f012    83.829    0.01201     6789          0
h012f012    83.841    0.01201     6790          0
h012f012    83.853   0.012012     6791          0
h012f012    83.865   0.012019     6792          0
h012f012    83.877    0.01204     6793          0
h012f012     83.89   0.012071     6794          0
h012f012    83.902   0.012105     6795          0
h012f012    83.914   0.012157     6796          0
h012f012    83.926     0.0122     6797          0
h012f012    83.938   0.012242     6798          0
h012f012     83.95   0.012277     6799          0
RESTART file=dumps/rdump1
h012f012    83.963   0.012308     6800          0
h012f012    83.975   0.012339     6801          0
h012f012    83.987   0.012366     6802          0
h012f012        84   0.012389     6803          0
h012f012    84.012   0.012406     6804          0
h012f012    84.024   0.012411     6805          0
h012f012    84.037   0.012415     6806          0
h012f012    84.049   0.012411     6807          0
h012f012    84.062   0.012393     6808          0
h012f012    84.074   0.012378     6809          0
h012f012    84.086   0.012352     6810          0
h012f012    84.099   0.012307     6811          0
h012f012    84.111    0.01227     6812          0
h012f012    84.123    0.01224     6813          0
h012f012    84.136   0.012215     6814          0
h012f012    84.148   0.012194     6815          0
h012f012     84.16   0.012178     6816          0
h012f012    84.172   0.012165     6817          0
h012f012    84.184   0.012154     6818          0
h012f012    84.196   0.012115     6819          0
h012f012    84.209    0.01208     6820          0
h012f012    84.221   0.012052     6821          0
h012f012    84.233    0.01203     6822          0
h012f012    84.245   0.012014     6823          0
h012f012    84.257      0.012     6824          0
h012f012    84.269   0.011987     6825          0
h012f012    84.281   0.011978     6826          0
h012f012    84.293   0.011939     6827          0
h012f012    84.305   0.011899     6828          0
h012f012    84.317    0.01187     6829          0
h012f012    84.328   0.011849     6830          0
h012f012     84.34   0.011832     6831          0
h012f012    84.352   0.011818     6832          0
h012f012    84.364   0.011808     6833          0
h012f012    84.376   0.011799     6834          0
h012f012    84.388   0.011796     6835          0
h012f012    84.399   0.011763     6836          0
h012f012    84.411   0.011732     6837          0
h012f012    84.423   0.011709     6838          0
h012f012    84.435   0.011692     6839          0
h012f012    84.446   0.011678     6840          0
h012f012    84.458   0.011665     6841          0
h012f012     84.47   0.011653     6842          0
h012f012    84.481   0.011644     6843          0
h012f012    84.493   0.011635     6844          0
h012f012    84.505   0.011605     6845          0
h012f012    84.516   0.011576     6846          0
h012f012    84.528   0.011553     6847          0
h012f012    84.539   0.011531     6848          0
h012f012    84.551   0.011514     6849          0
h012f012    84.562     0.0115     6850          0
h012f012    84.574    0.01149     6851          0
h012f012    84.585   0.011483     6852          0
h012f012    84.597   0.011478     6853          0
h012f012    84.608   0.011476     6854          0
h012f012     84.62   0.011447     6855          0
h012f012    84.631   0.011424     6856          0
h012f012    84.643   0.011406     6857          0
h012f012    84.654   0.011391     6858          0
h012f012    84.665   0.011378     6859          0
h012f012    84.677   0.011366     6860          0
h012f012    84.688   0.011354     6861          0
h012f012    84.699   0.011346     6862          0
h012f012    84.711   0.011341     6863          0
h012f012    84.722    0.01134     6864          0
h012f012    84.733   0.011329     6865          0
h012f012    84.745   0.011308     6866          0
h012f012    84.756   0.011292     6867          0
h012f012    84.767   0.011278     6868          0
h012f012    84.779   0.011266     6869          0
h012f012     84.79   0.011257     6870          0
h012f012    84.801   0.011251     6871          0
h012f012    84.812   0.011244     6872          0
h012f012    84.824   0.011239     6873          0
h012f012    84.835   0.011238     6874          0
h012f012    84.846    0.01124     6875          0
h012f012    84.857   0.011228     6876          0
h012f012    84.869   0.011208     6877          0
h012f012     84.88   0.011192     6878          0
h012f012    84.891   0.011178     6879          0
h012f012    84.902   0.011167     6880          0
h012f012    84.913   0.011158     6881          0
h012f012    84.925   0.011151     6882          0
h012f012    84.936   0.011148     6883          0
LOG      t=84.9357 	 divbmax: 140 111 4.31322e-12
h012f012    84.947   0.011148     6884          0
h012f012    84.958   0.011151     6885          0
h012f012    84.969   0.011157     6886          0
h012f012     84.98    0.01116     6887          0
h012f012    84.991   0.011143     6888          0
h012f012    85.003    0.01113     6889          0
h012f012    85.014   0.011119     6890          0
h012f012    85.025   0.011111     6891          0
h012f012    85.036   0.011106     6892          0
h012f012    85.047   0.011106     6893          0
h012f012    85.058   0.011108     6894          0
h012f012    85.069   0.011113     6895          0
h012f012     85.08   0.011122     6896          0
h012f012    85.092   0.011134     6897          0
h012f012    85.103   0.011127     6898          0
h012f012    85.114   0.011114     6899          0
RESTART  file=dumps/rdump0
h012f012    85.125   0.011103     6900          0
h012f012    85.136   0.011095     6901          0
h012f012    85.147   0.011091     6902          0
h012f012    85.158   0.011088     6903          0
h012f012    85.169   0.011087     6904          0
h012f012     85.18   0.011089     6905          0
h012f012    85.191   0.011094     6906          0
h012f012    85.203   0.011103     6907          0
h012f012    85.214   0.011116     6908          0
h012f012    85.225   0.011107     6909          0
h012f012    85.236     0.0111     6910          0
h012f012    85.247   0.011096     6911          0
h012f012    85.258   0.011095     6912          0
h012f012    85.269   0.011095     6913          0
h012f012     85.28   0.011094     6914          0
h012f012    85.291   0.011095     6915          0
h012f012    85.302   0.011099     6916          0
h012f012    85.314   0.011105     6917          0
h012f012    85.325   0.011079     6918          0
h012f012    85.336   0.011053     6919          0
h012f012    85.347   0.011031     6920          0
h012f012    85.358   0.011015     6921          0
h012f012    85.369   0.011003     6922          0
h012f012     85.38   0.010994     6923          0
h012f012    85.391   0.010987     6924          0
h012f012    85.402   0.010983     6925          0
h012f012    85.413   0.010981     6926          0
h012f012    85.424   0.010982     6927          0
h012f012    85.435   0.010984     6928          0
h012f012    85.446   0.010989     6929          0
h012f012    85.457   0.010997     6930          0
h012f012    85.468   0.011006     6931          0
h012f012    85.479   0.011017     6932          0
h012f012     85.49   0.011028     6933          0
h012f012    85.501   0.011039     6934          0
h012f012    85.512   0.011052     6935          0
h012f012    85.523   0.011065     6936          0
h012f012    85.534   0.011073     6937          0
h012f012    85.545   0.011075     6938          0
h012f012    85.556    0.01108     6939          0
h012f012    85.567   0.011088     6940          0
h012f012    85.578   0.011098     6941          0
h012f012    85.589   0.011112     6942          0
h012f012      85.6   0.011126     6943          0
h012f012    85.612    0.01114     6944          0
h012f012    85.623   0.011155     6945          0
h012f012    85.634    0.01117     6946          0
h012f012    85.645   0.011185     6947          0
h012f012    85.656   0.011199     6948          0
h012f012    85.667   0.011221     6949          0
h012f012    85.679   0.011249     6950          0
h012f012     85.69   0.011283     6951          0
h012f012    85.701   0.011323     6952          0
h012f012    85.713   0.011369     6953          0
h012f012    85.724   0.011415     6954          0
h012f012    85.735   0.011464     6955          0
h012f012    85.747   0.011519     6956          0
h012f012    85.758   0.011577     6957          0
h012f012     85.77   0.011641     6958          0
h012f012    85.782   0.011708     6959          0
h012f012    85.793   0.011781     6960          0
h012f012    85.805   0.011858     6961          0
h012f012    85.817   0.011939     6962          0
h012f012    85.829   0.012026     6963          0
h012f012    85.841   0.012108     6964          0
h012f012    85.853   0.012199     6965          0
h012f012    85.865   0.012293     6966          0
h012f012    85.877   0.012392     6967          0
h012f012     85.89   0.012496     6968          0
h012f012    85.902   0.012602     6969          0
h012f012    85.915   0.012694     6970          0
h012f012    85.928   0.012796     6971          0
h012f012     85.94   0.012908     6972          0
h012f012    85.953   0.013012     6973          0
h012f012    85.966   0.013113     6974          0
h012f012    85.979   0.013206     6975          0
h012f012    85.993   0.013297     6976          0
h012f012    86.006   0.013384     6977          0
h012f012    86.019   0.013467     6978          0
h012f012    86.033   0.013543     6979          0
h012f012    86.046   0.013615     6980          0
h012f012     86.06   0.013684     6981          0
h012f012    86.074   0.013636     6982          0
h012f012    86.087   0.013581     6983          0
h012f012    86.101   0.013606     6984          0
h012f012    86.114   0.013664     6985          0
h012f012    86.128   0.013776     6986          0
h012f012    86.142    0.01386     6987          0
h012f012    86.156   0.013878     6988          0
h012f012     86.17   0.013827     6989          0
h012f012    86.183   0.013774     6990          0
h012f012    86.197   0.013717     6991          0
h012f012    86.211   0.013685     6992          0
h012f012    86.225   0.013678     6993          0
h012f012    86.238   0.013668     6994          0
h012f012    86.252   0.013664     6995          0
h012f012    86.266   0.013686     6996          0
h012f012    86.279   0.013772     6997          0
h012f012    86.293   0.013842     6998          0
h012f012    86.307     0.0139     6999          0
RESTART file=dumps/rdump1
h012f012    86.321    0.01394     7000          0
h012f012    86.335   0.013846     7001          0
h012f012    86.349    0.01384     7002          0
h012f012    86.362   0.013873     7003          0
h012f012    86.376    0.01388     7004          0
h012f012     86.39   0.013887     7005          0
h012f012    86.404   0.013878     7006          0
h012f012    86.418   0.013881     7007          0
h012f012    86.432   0.013889     7008          0
h012f012    86.446   0.013901     7009          0
h012f012     86.46   0.013917     7010          0
h012f012    86.474   0.013947     7011          0
h012f012    86.488   0.013968     7012          0
h012f012    86.502   0.014006     7013          0
h012f012    86.516   0.014031     7014          0
h012f012     86.53   0.014034     7015          0
h012f012    86.544   0.014027     7016          0
h012f012    86.558   0.014026     7017          0
h012f012    86.572   0.014027     7018          0
h012f012    86.586   0.014027     7019          0
h012f012      86.6   0.014027     7020          0
h012f012    86.614   0.014028     7021          0
h012f012    86.628   0.014032     7022          0
h012f012    86.642   0.014038     7023          0
h012f012    86.656   0.014045     7024          0
h012f012     86.67   0.014056     7025          0
h012f012    86.684   0.014071     7026          0
h012f012    86.698   0.014092     7027          0
h012f012    86.712   0.014115     7028          0
h012f012    86.726   0.014135     7029          0
h012f012     86.74     0.0142     7030          0
h012f012    86.755   0.014194     7031          0
h012f012    86.769    0.01419     7032          0
h012f012    86.783   0.014186     7033          0
h012f012    86.797   0.014183     7034          0
h012f012    86.811   0.014181     7035          0
h012f012    86.825   0.014178     7036          0
h012f012     86.84   0.014178     7037          0
h012f012    86.854   0.014178     7038          0
h012f012    86.868   0.014178     7039          0
h012f012    86.882   0.014177     7040          0
h012f012    86.896   0.014179     7041          0
h012f012    86.911    0.01418     7042          0
h012f012    86.925   0.014181     7043          0
h012f012    86.939   0.014183     7044          0
LOG      t=86.9389 	 divbmax: 140 111 4.2969e-12
h012f012    86.953   0.014186     7045          0
h012f012    86.967   0.014189     7046          0
h012f012    86.981   0.014193     7047          0
h012f012    86.996   0.014197     7048          0
h012f012     87.01   0.014202     7049          0
h012f012    87.024   0.014208     7050          0
h012f012    87.038   0.014214     7051          0
h012f012    87.052    0.01422     7052          0
h012f012    87.067   0.014227     7053          0
h012f012    87.081   0.014235     7054          0
h012f012    87.095   0.014243     7055          0
h012f012    87.109   0.014251     7056          0
h012f012    87.124   0.014263     7057          0
h012f012    87.138   0.014272     7058          0
h012f012    87.152   0.014304     7059          0
h012f012    87.166   0.014339     7060          0
h012f012    87.181   0.014338     7061          0
h012f012    87.195   0.014337     7062          0
h012f012    87.209   0.014336     7063          0
h012f012    87.224   0.014335     7064          0
h012f012    87.238   0.014331     7065          0
h012f012    87.252   0.014328     7066          0
h012f012    87.267   0.014326     7067          0
h012f012    87.281   0.014323     7068          0
h012f012    87.295    0.01432     7069          0
h012f012     87.31   0.014317     7070          0
h012f012    87.324   0.014315     7071          0
h012f012    87.338   0.014315     7072          0
h012f012    87.353   0.014315     7073          0
h012f012    87.367   0.014316     7074          0
h012f012    87.381   0.014319     7075          0
h012f012    87.396   0.014324     7076          0
h012f012     87.41   0.014331     7077          0
h012f012    87.424   0.014343     7078          0
h012f012    87.439   0.014352     7079          0
h012f012    87.453   0.014354     7080          0
h012f012    87.467   0.014355     7081          0
h012f012    87.482   0.014357     7082          0
h012f012    87.496   0.014359     7083          0
h012f012     87.51   0.014361     7084          0
h012f012    87.525   0.014363     7085          0
h012f012    87.539   0.014365     7086          0
h012f012    87.554   0.014367     7087          0
h012f012    87.568   0.014368     7088          0
h012f012    87.582    0.01437     7089          0
h012f012    87.597   0.014371     7090          0
h012f012    87.611   0.014372     7091          0
h012f012    87.625   0.014373     7092          0
h012f012     87.64   0.014373     7093          0
h012f012    87.654   0.014373     7094          0
h012f012    87.669   0.014372     7095          0
h012f012    87.683   0.014371     7096          0
h012f012    87.697    0.01437     7097          0
h012f012    87.712   0.014369     7098          0
h012f012    87.726   0.014367     7099          0
RESTART  file=dumps/rdump0
h012f012     87.74   0.014366     7100          0
h012f012    87.755   0.014364     7101          0
h012f012    87.769   0.014362     7102          0
h012f012    87.783   0.014361     7103          0
h012f012    87.798   0.014359     7104          0
h012f012    87.812   0.014358     7105          0
h012f012    87.827   0.014357     7106          0
h012f012    87.841   0.014356     7107          0
h012f012    87.855   0.014355     7108          0
h012f012     87.87   0.014354     7109          0
h012f012    87.884   0.014353     7110          0
h012f012    87.898   0.014353     7111          0
h012f012    87.913   0.014352     7112          0
h012f012    87.927   0.014351     7113          0
h012f012    87.941    0.01435     7114          0
h012f012    87.956   0.014349     7115          0
h012f012     87.97   0.014348     7116          0
h012f012    87.984   0.014347     7117          0
h012f012    87.999   0.014347     7118          0
h012f012    88.013   0.014347     7119          0
h012f012    88.027   0.014347     7120          0
h012f012    88.042   0.014347     7121          0
h012f012    88.056   0.014347     7122          0
h012f012     88.07   0.014347     7123          0
h012f012    88.085   0.014347     7124          0
h012f012    88.099   0.014347     7125          0
h012f012    88.114   0.014347     7126          0
h012f012    88.128   0.014348     7127          0
h012f012    88.142   0.014348     7128          0
h012f012    88.157   0.014348     7129          0
h012f012    88.171   0.014349     7130          0
h012f012    88.185   0.014349     7131          0
h012f012      88.2   0.014351     7132          0
h012f012    88.214   0.014353     7133          0
h012f012    88.228   0.014354     7134          0
h012f012    88.243   0.014356     7135          0
h012f012    88.257   0.014357     7136          0
h012f012    88.271   0.014357     7137          0
h012f012    88.286   0.014358     7138          0
h012f012      88.3   0.014358     7139          0
h012f012    88.314   0.014359     7140          0
h012f012    88.329   0.014359     7141          0
h012f012    88.343   0.014359     7142          0
h012f012    88.358    0.01436     7143          0
h012f012    88.372    0.01436     7144          0
h012f012    88.386    0.01436     7145          0
h012f012    88.401    0.01436     7146          0
h012f012    88.415    0.01436     7147          0
h012f012    88.429    0.01436     7148          0
h012f012    88.444    0.01436     7149          0
h012f012    88.458   0.014361     7150          0
h012f012    88.472   0.014361     7151          0
h012f012    88.487   0.014361     7152          0
h012f012    88.501   0.014361     7153          0
h012f012    88.516   0.014361     7154          0
h012f012     88.53   0.014361     7155          0
h012f012    88.544   0.014361     7156          0
h012f012    88.559   0.014361     7157          0
h012f012    88.573   0.014361     7158          0
h012f012    88.587   0.014361     7159          0
h012f012    88.602    0.01436     7160          0
h012f012    88.616   0.014358     7161          0
h012f012     88.63   0.014357     7162          0
h012f012    88.645   0.014355     7163          0
h012f012    88.659   0.014354     7164          0
h012f012    88.673   0.014354     7165          0
h012f012    88.688   0.014353     7166          0
h012f012    88.702   0.014351     7167          0
h012f012    88.717    0.01435     7168          0
h012f012    88.731    0.01435     7169          0
h012f012    88.745   0.014349     7170          0
h012f012     88.76   0.014348     7171          0
h012f012    88.774   0.014347     7172          0
h012f012    88.788   0.014347     7173          0
h012f012    88.803   0.014347     7174          0
h012f012    88.817   0.014346     7175          0
h012f012    88.831   0.014346     7176          0
h012f012    88.846   0.014345     7177          0
h012f012     88.86   0.014345     7178          0
h012f012    88.874   0.014345     7179          0
h012f012    88.889   0.014346     7180          0
h012f012    88.903   0.014346     7181          0
h012f012    88.917   0.014345     7182          0
h012f012    88.932   0.014347     7183          0
LOG      t=88.9317 	 divbmax: 140 111 4.05431e-12
h012f012    88.946    0.01435     7184          0
h012f012     88.96   0.014354     7185          0
h012f012    88.975   0.014358     7186          0
h012f012    88.989    0.01435     7187          0
h012f012    89.003   0.014334     7188          0
h012f012    89.018   0.014338     7189          0
h012f012    89.032   0.014319     7190          0
h012f012    89.046   0.014305     7191          0
h012f012    89.061   0.014289     7192          0
h012f012    89.075   0.014259     7193          0
h012f012    89.089   0.014259     7194          0
h012f012    89.104   0.014229     7195          0
h012f012    89.118   0.014219     7196          0
h012f012    89.132   0.014214     7197          0
h012f012    89.146   0.014193     7198          0
h012f012     89.16   0.014194     7199          0
RESTART file=dumps/rdump1
h012f012    89.175   0.014177     7200          0
h012f012    89.189   0.014164     7201          0
h012f012    89.203   0.014146     7202          0
h012f012    89.217   0.014121     7203          0
h012f012    89.231   0.014117     7204          0
h012f012    89.245   0.014095     7205          0
h012f012    89.259   0.014081     7206          0
h012f012    89.274   0.014074     7207          0
h012f012    89.288   0.014057     7208          0
h012f012    89.302   0.014056     7209          0
h012f012    89.316   0.014023     7210          0
h012f012     89.33   0.014014     7211          0
h012f012    89.344    0.01402     7212          0
h012f012    89.358   0.013944     7213          0
h012f012    89.372   0.013943     7214          0
h012f012    89.386   0.013968     7215          0
h012f012      89.4   0.013955     7216          0
h012f012    89.414   0.013935     7217          0
h012f012    89.428   0.013909     7218          0
h012f012    89.441     0.0139     7219          0
h012f012    89.455   0.013904     7220          0
h012f012    89.469   0.013813     7221          0
h012f012    89.483   0.013795     7222          0
h012f012    89.497   0.013848     7223          0
h012f012    89.511    0.01387     7224          0
h012f012    89.525   0.013836     7225          0
h012f012    89.538   0.013809     7226          0
h012f012    89.552   0.013821     7227          0
h012f012    89.566   0.013792     7228          0
h012f012     89.58    0.01371     7229          0
h012f012    89.594   0.013676     7230          0
h012f012    89.607   0.013673     7231          0
h012f012    89.621   0.013701     7232          0
h012f012    89.635   0.013735     7233          0
h012f012    89.648   0.013689     7234          0
h012f012    89.662   0.013723     7235          0
h012f012    89.676   0.013719     7236          0
h012f012    89.689   0.013645     7237          0
h012f012    89.703   0.013614     7238          0
h012f012    89.717   0.013591     7239          0
h012f012     89.73   0.013601     7240          0
h012f012    89.744   0.013651     7241          0
h012f012    89.758   0.013569     7242          0
h012f012    89.771    0.01357     7243          0
h012f012    89.785   0.013628     7244          0
h012f012    89.798   0.013639     7245          0
h012f012    89.812   0.013595     7246          0
h012f012    89.826    0.01359     7247          0
h012f012    89.839   0.013605     7248          0
h012f012    89.853   0.013599     7249          0
h012f012    89.866   0.013521     7250          0
h012f012     89.88   0.013486     7251          0
h012f012    89.893   0.013468     7252          0
h012f012    89.907   0.013478     7253          0
h012f012     89.92   0.013571     7254          0
h012f012    89.934   0.013523     7255          0
h012f012    89.947   0.013518     7256          0
h012f012    89.961    0.01356     7257          0
h012f012    89.974   0.013527     7258          0
h012f012    89.988   0.013479     7259          0
h012f012    90.001   0.013469     7260          0
h012f012    90.015    0.01348     7261          0
h012f012    90.028   0.013507     7262          0
h012f012    90.042   0.013481     7263          0
h012f012    90.055    0.01342     7264          0
h012f012    90.069   0.013401     7265          0
h012f012    90.082   0.013414     7266          0
h012f012    90.096   0.013469     7267          0
h012f012    90.109   0.013517     7268          0
h012f012    90.123   0.013509     7269          0
h012f012    90.136   0.013508     7270          0
h012f012     90.15   0.013497     7271          0
h012f012    90.163   0.013436     7272          0
h012f012    90.177   0.013401     7273          0
h012f012     90.19   0.013398     7274          0
h012f012    90.203   0.013417     7275          0
h012f012    90.217   0.013453     7276          0
h012f012     90.23   0.013447     7277          0
h012f012    90.244   0.013386     7278          0
h012f012    90.257   0.013366     7279          0
h012f012     90.27   0.013393     7280          0
h012f012    90.284   0.013455     7281          0
h012f012    90.297   0.013468     7282          0
h012f012    90.311   0.013479     7283          0
h012f012    90.324    0.01351     7284          0
h012f012    90.338   0.013478     7285          0
h012f012    90.351   0.013417     7286          0
h012f012    90.365    0.01338     7287          0
h012f012    90.378   0.013378     7288          0
h012f012    90.391   0.013397     7289          0
h012f012    90.405   0.013433     7290          0
h012f012    90.418   0.013466     7291          0
h012f012    90.432   0.013398     7292          0
h012f012    90.445   0.013369     7293          0
h012f012    90.458   0.013389     7294          0
h012f012    90.472   0.013446     7295          0
h012f012    90.485   0.013451     7296          0
h012f012    90.499   0.013467     7297          0
h012f012    90.512   0.013499     7298          0
h012f012    90.526   0.013507     7299          0
RESTART  file=dumps/rdump0
h012f012    90.539   0.013443     7300          0
h012f012    90.553   0.013402     7301          0
h012f012    90.566    0.01339     7302          0
h012f012    90.579   0.013404     7303          0
h012f012    90.593   0.013435     7304          0
h012f012    90.606   0.013484     7305          0
h012f012     90.62   0.013555     7306          0
h012f012    90.633     0.0135     7307          0
h012f012    90.647   0.013471     7308          0
h012f012     90.66   0.013484     7309          0
h012f012    90.674   0.013525     7310          0
h012f012    90.687   0.013544     7311          0
h012f012    90.701   0.013572     7312          0
h012f012    90.714   0.013602     7313          0
h012f012    90.728   0.013658     7314          0
h012f012    90.742   0.013688     7315          0
h012f012    90.755   0.013657     7316          0
h012f012    90.769    0.01364     7317          0
h012f012    90.783   0.013645     7318          0
h012f012    90.796   0.013669     7319          0
h012f012     90.81   0.013688     7320          0
h012f012    90.824   0.013708     7321          0
h012f012    90.837   0.013736     7322          0
h012f012    90.851   0.013772     7323          0
h012f012    90.865   0.013813     7324          0
h012f012    90.879   0.013864     7325          0
h012f012    90.893   0.013924     7326          0
h012f012    90.907   0.013939     7327          0
h012f012     90.92   0.013952     7328          0
h012f012    90.934   0.013962     7329          0
LOG      t=90.9344 	 divbmax: 140 111 4.19464e-12
h012f012    90.948   0.013972     7330          0
h012f012    90.962   0.013985     7331          0
h012f012    90.976   0.013977     7332          0
h012f012     90.99   0.013965     7333          0
h012f012    91.004   0.013959     7334          0
h012f012    91.018   0.013952     7335          0
h012f012    91.032   0.013948     7336          0
h012f012    91.046    0.01395     7337          0
h012f012     91.06   0.013956     7338          0
h012f012    91.074   0.013968     7339          0
h012f012    91.088   0.013983     7340          0
h012f012    91.102   0.013989     7341          0
h012f012    91.116   0.013998     7342          0
h012f012     91.13   0.014014     7343          0
h012f012    91.144   0.014028     7344          0
h012f012    91.158   0.014017     7345          0
h012f012    91.172   0.014009     7346          0
h012f012    91.186   0.014004     7347          0
h012f012      91.2   0.014005     7348          0
h012f012    91.214    0.01401     7349          0
h012f012    91.228   0.014021     7350          0
h012f012    91.242   0.014038     7351          0
h012f012    91.256   0.014054     7352          0
h012f012     91.27   0.014059     7353          0
h012f012    91.284   0.014068     7354          0
h012f012    91.298   0.014077     7355          0
h012f012    91.312   0.014064     7356          0
h012f012    91.326   0.014071     7357          0
h012f012     91.34    0.01407     7358          0
h012f012    91.355   0.014075     7359          0
h012f012    91.369   0.014091     7360          0
h012f012    91.383   0.014114     7361          0
h012f012    91.397   0.014122     7362          0
h012f012    91.411   0.014117     7363          0
h012f012    91.425   0.014111     7364          0
h012f012    91.439   0.014109     7365          0
h012f012    91.453   0.014079     7366          0
h012f012    91.467   0.014043     7367          0
h012f012    91.481   0.014034     7368          0
h012f012    91.495   0.014048     7369          0
h012f012     91.51   0.014068     7370          0
h012f012    91.524   0.014073     7371          0
h012f012    91.538   0.014065     7372          0
h012f012    91.552   0.014077     7373          0
h012f012    91.566    0.01406     7374          0
h012f012     91.58   0.014042     7375          0
h012f012    91.594   0.014023     7376          0
h012f012    91.608   0.014015     7377          0
h012f012    91.622    0.01401     7378          0
h012f012    91.636   0.014008     7379          0
h012f012     91.65   0.014008     7380          0
h012f012    91.664    0.01401     7381          0
h012f012    91.678   0.014013     7382          0
h012f012    91.692   0.014001     7383          0
h012f012    91.706   0.013984     7384          0
h012f012     91.72   0.013969     7385          0
h012f012    91.734   0.013967     7386          0
h012f012    91.748   0.013961     7387          0
h012f012    91.762   0.013964     7388          0
h012f012    91.776   0.013968     7389          0
h012f012     91.79   0.013973     7390          0
h012f012    91.804   0.013978     7391          0
h012f012    91.818   0.013983     7392          0
h012f012    91.832   0.013976     7393          0
h012f012    91.846   0.013959     7394          0
h012f012     91.86    0.01397     7395          0
h012f012    91.874   0.013981     7396          0
h012f012    91.888   0.013977     7397          0
h012f012    91.902   0.013924     7398          0
h012f012    91.916   0.013891     7399          0
RESTART file=dumps/rdump1
h012f012    91.929   0.013909     7400          0
h012f012    91.943   0.013944     7401          0
h012f012    91.957    0.01397     7402          0
h012f012    91.971   0.013967     7403          0
h012f012    91.985   0.013968     7404          0
h012f012    91.999    0.01397     7405          0
h012f012    92.013   0.013941     7406          0
h012f012    92.027   0.013914     7407          0
h012f012    92.041   0.013878     7408          0
h012f012    92.055   0.013875     7409          0
h012f012    92.069    0.01391     7410          0
h012f012    92.083    0.01382     7411          0
h012f012    92.096   0.013763     7412          0
h012f012     92.11   0.013736     7413          0
h012f012    92.124    0.01374     7414          0
h012f012    92.138   0.013774     7415          0
h012f012    92.151   0.013818     7416          0
h012f012    92.165   0.013862     7417          0
h012f012    92.179   0.013837     7418          0
h012f012    92.193   0.013824     7419          0
h012f012    92.207   0.013796     7420          0
h012f012    92.221   0.013728     7421          0
h012f012    92.234   0.013695     7422          0
h012f012    92.248   0.013683     7423          0
h012f012    92.262   0.013682     7424          0
h012f012    92.275   0.013694     7425          0
h012f012    92.289   0.013709     7426          0
h012f012    92.303   0.013671     7427          0
h012f012    92.316    0.01366     7428          0
h012f012     92.33   0.013662     7429          0
h012f012    92.344   0.013684     7430          0
h012f012    92.357   0.013722     7431          0
h012f012    92.371   0.013741     7432          0
h012f012    92.385   0.013666     7433          0
h012f012    92.399   0.013625     7434          0
h012f012    92.412   0.013604     7435          0
h012f012    92.426   0.013598     7436          0
h012f012    92.439   0.013517     7437          0
h012f012    92.453   0.013489     7438          0
h012f012    92.466   0.013474     7439          0
h012f012     92.48   0.013473     7440          0
h012f012    92.493   0.013485     7441          0
h012f012    92.507   0.013514     7442          0
h012f012     92.52   0.013572     7443          0
h012f012    92.534   0.013639     7444          0
h012f012    92.548   0.013713     7445          0
h012f012    92.561   0.013664     7446          0
h012f012    92.575   0.013604     7447          0
h012f012    92.589   0.013571     7448          0
h012f012    92.602   0.013523     7449          0
h012f012    92.616   0.013456     7450          0
h012f012    92.629   0.013429     7451          0
h012f012    92.643   0.013421     7452          0
h012f012    92.656   0.013428     7453          0
h012f012    92.669   0.013448     7454          0
h012f012    92.683   0.013477     7455          0
h012f012    92.696   0.013518     7456          0
h012f012     92.71    0.01353     7457          0
h012f012    92.723   0.013567     7458          0
h012f012    92.737    0.01361     7459          0
h012f012    92.751   0.013668     7460          0
h012f012    92.764    0.01362     7461          0
h012f012    92.778   0.013581     7462          0
h012f012    92.791   0.013502     7463          0
h012f012    92.805    0.01344     7464          0
h012f012    92.818   0.013417     7465          0
h012f012    92.832   0.013416     7466          0
h012f012    92.845    0.01337     7467          0
h012f012    92.859   0.013333     7468          0
h012f012    92.872   0.013323     7469          0
h012f012    92.885   0.013327     7470          0
h012f012    92.899   0.013343     7471          0
h012f012    92.912   0.013376     7472          0
h012f012    92.925   0.013424     7473          0
h012f012    92.939   0.013489     7474          0
DUMP     file=dumps/dump003
LOG      t=92.9387 	 divbmax: 140 111 3.89044e-12
h012f012    92.952   0.013574     7475          0
h012f012    92.966   0.013572     7476          0
h012f012    92.979    0.01354     7477          0
h012f012    92.993   0.013473     7478          0
h012f012    93.006   0.013455     7479          0
h012f012     93.02   0.013379     7480          0
h012f012    93.033    0.01334     7481          0
h012f012    93.047   0.013333     7482          0
h012f012     93.06   0.013328     7483          0
h012f012    93.073   0.013269     7484          0
h012f012    93.086   0.013242     7485          0
h012f012      93.1   0.013264     7486          0
h012f012    93.113   0.013339     7487          0
h012f012    93.126   0.013405     7488          0
h012f012     93.14   0.013386     7489          0
h012f012    93.153   0.013402     7490          0
h012f012    93.167   0.013396     7491          0
h012f012     93.18   0.013375     7492          0
h012f012    93.193   0.013297     7493          0
h012f012    93.207   0.013249     7494          0
h012f012     93.22    0.01319     7495          0
h012f012    93.233   0.013151     7496          0
h012f012    93.246    0.01313     7497          0
h012f012    93.259   0.013062     7498          0
h012f012    93.272   0.012998     7499          0
RESTART  file=dumps/rdump0
h012f012    93.285   0.012957     7500          0
h012f012    93.298   0.012934     7501          0
h012f012    93.311   0.012933     7502          0
h012f012    93.324   0.012991     7503          0
h012f012    93.337    0.01308     7504          0
h012f012     93.35   0.013213     7505          0
h012f012    93.363   0.013307     7506          0
h012f012    93.377   0.013255     7507          0
h012f012     93.39   0.013221     7508          0
h012f012    93.403   0.013189     7509          0
h012f012    93.416   0.013143     7510          0
h012f012     93.43   0.013068     7511          0
h012f012    93.443   0.013016     7512          0
h012f012    93.456   0.012957     7513          0
h012f012    93.469   0.012901     7514          0
h012f012    93.482   0.012825     7515          0
h012f012    93.494   0.012781     7516          0
h012f012    93.507   0.012755     7517          0
h012f012     93.52   0.012743     7518          0
h012f012    93.533   0.012747     7519          0
h012f012    93.545   0.012791     7520          0
h012f012    93.558   0.012851     7521          0
h012f012    93.571   0.012932     7522          0
h012f012    93.584   0.013047     7523          0
h012f012    93.597   0.013178     7524          0
h012f012     93.61    0.01329     7525          0
h012f012    93.623   0.013162     7526          0
h012f012    93.637   0.013046     7527          0
h012f012     93.65   0.012939     7528          0
h012f012    93.663    0.01286     7529          0
h012f012    93.675   0.012794     7530          0
h012f012    93.688   0.012738     7531          0
h012f012    93.701   0.012691     7532          0
h012f012    93.714   0.012655     7533          0
h012f012    93.726    0.01263     7534          0
h012f012    93.739   0.012616     7535          0
h012f012    93.752   0.012624     7536          0
h012f012    93.764   0.012652     7537          0
h012f012    93.777   0.012695     7538          0
h012f012     93.79   0.012742     7539          0
h012f012    93.802   0.012803     7540          0
h012f012    93.815   0.012873     7541          0
h012f012    93.828   0.012934     7542          0
h012f012    93.841   0.012987     7543          0
h012f012    93.854   0.012872     7544          0
h012f012    93.867   0.012774     7545          0
h012f012     93.88   0.012696     7546          0
h012f012    93.892   0.012634     7547          0
h012f012    93.905   0.012586     7548          0
h012f012    93.917   0.012544     7549          0
h012f012     93.93   0.012516     7550          0
h012f012    93.943   0.012534     7551          0
h012f012    93.955   0.012528     7552          0
h012f012    93.968   0.012514     7553          0
h012f012     93.98   0.012502     7554          0
h012f012    93.993   0.012492     7555          0
h012f012    94.005   0.012493     7556          0
h012f012    94.018   0.012511     7557          0
h012f012     94.03   0.012533     7558          0
h012f012    94.043   0.012561     7559          0
h012f012    94.055   0.012596     7560          0
h012f012    94.068   0.012636     7561          0
h012f012     94.08   0.012668     7562          0
h012f012    94.093   0.012704     7563          0
h012f012    94.106   0.012745     7564          0
h012f012    94.119   0.012791     7565          0
h012f012    94.131   0.012751     7566          0
h012f012    94.144   0.012702     7567          0
h012f012    94.157   0.012669     7568          0
h012f012    94.169   0.012676     7569          0
h012f012    94.182   0.012683     7570          0
h012f012    94.195    0.01267     7571          0
h012f012    94.207   0.012657     7572          0
h012f012     94.22   0.012653     7573          0
h012f012    94.233   0.012653     7574          0
h012f012    94.245    0.01266     7575          0
h012f012    94.258   0.012694     7576          0
h012f012    94.271   0.012714     7577          0
h012f012    94.284   0.012707     7578          0
h012f012    94.296   0.012698     7579          0
h012f012    94.309     0.0127     7580          0
h012f012    94.322   0.012701     7581          0
h012f012    94.334   0.012716     7582          0
h012f012    94.347    0.01274     7583          0
h012f012     94.36   0.012769     7584          0
h012f012    94.373   0.012797     7585          0
h012f012    94.385    0.01283     7586          0
h012f012    94.398    0.01287     7587          0
h012f012    94.411    0.01294     7588          0
h012f012    94.424   0.013011     7589          0
h012f012    94.437    0.01304     7590          0
h012f012     94.45   0.013022     7591          0
h012f012    94.463   0.013042     7592          0
h012f012    94.476   0.013054     7593          0
h012f012    94.489   0.013044     7594          0
h012f012    94.502   0.013007     7595          0
h012f012    94.515    0.01298     7596          0
h012f012    94.528   0.012962     7597          0
h012f012    94.541   0.012941     7598          0
h012f012    94.554   0.012917     7599          0
RESTART file=dumps/rdump1
h012f012    94.567   0.012905     7600          0
h012f012     94.58   0.012902     7601          0
h012f012    94.593   0.012908     7602          0
h012f012    94.606   0.012921     7603          0
h012f012    94.619   0.012941     7604          0
h012f012    94.632   0.012964     7605          0
h012f012    94.645   0.012998     7606          0
h012f012    94.658   0.013041     7607          0
h012f012    94.671   0.013092     7608          0
h012f012    94.684   0.013128     7609          0
h012f012    94.697   0.013095     7610          0
h012f012     94.71   0.013093     7611          0
h012f012    94.723     0.0131     7612          0
h012f012    94.736   0.013118     7613          0
h012f012    94.749   0.013097     7614          0
h012f012    94.762   0.013071     7615          0
h012f012    94.775   0.013066     7616          0
h012f012    94.788   0.013076     7617          0
h012f012    94.802   0.013091     7618          0
h012f012    94.815   0.013088     7619          0
h012f012    94.828   0.013052     7620          0
h012f012    94.841    0.01303     7621          0
h012f012    94.854   0.013025     7622          0
h012f012    94.867   0.013025     7623          0
h012f012     94.88    0.01303     7624          0
h012f012    94.893   0.013026     7625          0
h012f012    94.906   0.013032     7626          0
h012f012    94.919   0.013045     7627          0
h012f012    94.932   0.013041     7628          0
LOG      t=94.932 	 divbmax: 135 105 4.07863e-12
h012f012    94.945   0.013036     7629          0
h012f012    94.958   0.013011     7630          0
h012f012    94.971   0.012958     7631          0
h012f012    94.984   0.012919     7632          0
h012f012    94.997   0.012894     7633          0
h012f012     95.01   0.012883     7634          0
h012f012    95.023   0.012883     7635          0
h012f012    95.036   0.012898     7636          0
h012f012    95.048   0.012937     7637          0
h012f012    95.061   0.012984     7638          0
h012f012    95.074   0.012982     7639          0
h012f012    95.087   0.012981     7640          0
h012f012      95.1   0.012982     7641          0
h012f012    95.113   0.012923     7642          0
h012f012    95.126   0.012869     7643          0
h012f012    95.139   0.012831     7644          0
h012f012    95.152   0.012811     7645          0
h012f012    95.165   0.012821     7646          0
h012f012    95.178   0.012863     7647          0
h012f012     95.19   0.012886     7648          0
h012f012    95.203   0.012866     7649          0
h012f012    95.216   0.012861     7650          0
h012f012    95.229   0.012874     7651          0
h012f012    95.242   0.012917     7652          0
h012f012    95.255   0.012936     7653          0
h012f012    95.268   0.012875     7654          0
h012f012    95.281   0.012828     7655          0
h012f012    95.294   0.012791     7656          0
h012f012    95.306   0.012751     7657          0
h012f012    95.319   0.012716     7658          0
h012f012    95.332   0.012698     7659          0
h012f012    95.344   0.012704     7660          0
h012f012    95.357    0.01275     7661          0
h012f012     95.37   0.012833     7662          0
h012f012    95.383   0.012928     7663          0
h012f012    95.396   0.012899     7664          0
h012f012    95.409   0.012885     7665          0
h012f012    95.421   0.012887     7666          0
h012f012    95.434   0.012906     7667          0
h012f012    95.447   0.012912     7668          0
h012f012     95.46   0.012863     7669          0
h012f012    95.473   0.012819     7670          0
h012f012    95.486   0.012786     7671          0
h012f012    95.499   0.012757     7672          0
h012f012    95.511   0.012748     7673          0
h012f012    95.524   0.012751     7674          0
h012f012    95.537   0.012782     7675          0
h012f012     95.55   0.012807     7676          0
h012f012    95.562   0.012754     7677          0
h012f012    95.575   0.012718     7678          0
h012f012    95.588   0.012693     7679          0
h012f012    95.601   0.012699     7680          0
h012f012    95.613   0.012718     7681          0
h012f012    95.626   0.012755     7682          0
h012f012    95.639   0.012839     7683          0
h012f012    95.652   0.012796     7684          0
h012f012    95.664   0.012756     7685          0
h012f012    95.677   0.012731     7686          0
h012f012     95.69    0.01272     7687          0
h012f012    95.703   0.012717     7688          0
h012f012    95.715   0.012718     7689          0
h012f012    95.728   0.012725     7690          0
h012f012    95.741   0.012671     7691          0
h012f012    95.753    0.01263     7692          0
h012f012    95.766   0.012603     7693          0
h012f012    95.779   0.012595     7694          0
h012f012    95.791   0.012596     7695          0
h012f012    95.804   0.012624     7696          0
h012f012    95.817    0.01269     7697          0
h012f012    95.829   0.012764     7698          0
h012f012    95.842    0.01271     7699          0
RESTART  file=dumps/rdump0
h012f012    95.855   0.012674     7700          0
h012f012    95.867    0.01264     7701          0
h012f012     95.88   0.012614     7702          0
h012f012    95.893   0.012605     7703          0
h012f012    95.905   0.012602     7704          0
h012f012    95.918   0.012604     7705          0
h012f012     95.93   0.012586     7706          0
h012f012    95.943   0.012547     7707          0
h012f012    95.956   0.012523     7708          0
h012f012    95.968   0.012517     7709          0
h012f012    95.981   0.012525     7710          0
h012f012    95.993   0.012518     7711          0
h012f012    96.006   0.012531     7712          0
h012f012    96.018   0.012601     7713          0
h012f012    96.031    0.01268     7714          0
h012f012    96.043   0.012718     7715          0
h012f012    96.056   0.012664     7716          0
h012f012    96.069   0.012628     7717          0
h012f012    96.081   0.012605     7718          0
h012f012    96.094   0.012594     7719          0
h012f012    96.107   0.012598     7720          0
h012f012    96.119   0.012567     7721          0
h012f012    96.132   0.012533     7722          0
h012f012    96.144   0.012511     7723          0
h012f012    96.157   0.012499     7724          0
h012f012    96.169   0.012506     7725          0
h012f012    96.182   0.012532     7726          0
h012f012    96.194   0.012565     7727          0
h012f012    96.207   0.012582     7728          0
h012f012     96.22   0.012628     7729          0
h012f012    96.232   0.012707     7730          0
h012f012    96.245   0.012717     7731          0
h012f012    96.258    0.01267     7732          0
h012f012     96.27    0.01265     7733          0
h012f012    96.283   0.012646     7734          0
h012f012    96.296   0.012632     7735          0
h012f012    96.308   0.012595     7736          0
h012f012    96.321    0.01257     7737          0
h012f012    96.333   0.012557     7738          0
h012f012    96.346   0.012554     7739          0
h012f012    96.358   0.012568     7740          0
h012f012    96.371   0.012593     7741          0
h012f012    96.384   0.012614     7742          0
h012f012    96.396   0.012643     7743          0
h012f012    96.409   0.012672     7744          0
h012f012    96.422   0.012695     7745          0
h012f012    96.434   0.012754     7746          0
h012f012    96.447   0.012756     7747          0
h012f012     96.46   0.012743     7748          0
h012f012    96.473   0.012741     7749          0
h012f012    96.485   0.012743     7750          0
h012f012    96.498   0.012692     7751          0
h012f012    96.511   0.012653     7752          0
h012f012    96.523   0.012639     7753          0
h012f012    96.536   0.012648     7754          0
h012f012    96.549   0.012667     7755          0
h012f012    96.561   0.012678     7756          0
h012f012    96.574   0.012693     7757          0
h012f012    96.587   0.012668     7758          0
h012f012    96.599   0.012654     7759          0
h012f012    96.612   0.012667     7760          0
h012f012    96.625   0.012699     7761          0
h012f012    96.637   0.012728     7762          0
h012f012     96.65    0.01277     7763          0
h012f012    96.663   0.012787     7764          0
h012f012    96.676   0.012824     7765          0
h012f012    96.688   0.012784     7766          0
h012f012    96.701    0.01276     7767          0
h012f012    96.714   0.012723     7768          0
h012f012    96.727   0.012699     7769          0
h012f012    96.739   0.012704     7770          0
h012f012    96.752   0.012694     7771          0
h012f012    96.765   0.012646     7772          0
h012f012    96.777   0.012633     7773          0
h012f012     96.79   0.012638     7774          0
h012f012    96.803   0.012689     7775          0
h012f012    96.815   0.012746     7776          0
h012f012    96.828   0.012749     7777          0
h012f012    96.841   0.012756     7778          0
h012f012    96.854   0.012794     7779          0
h012f012    96.866   0.012789     7780          0
h012f012    96.879   0.012755     7781          0
h012f012    96.892   0.012735     7782          0
h012f012    96.905   0.012695     7783          0
h012f012    96.917   0.012651     7784          0
h012f012     96.93   0.012629     7785          0
LOG      t=96.9301 	 divbmax: 135 105 4.169e-12
h012f012    96.943   0.012632     7786          0
h012f012    96.955   0.012634     7787          0
h012f012    96.968   0.012656     7788          0
h012f012    96.981    0.01269     7789          0
h012f012    96.993   0.012765     7790          0
h012f012    97.006   0.012783     7791          0
h012f012    97.019   0.012784     7792          0
h012f012    97.032   0.012809     7793          0
h012f012    97.045   0.012852     7794          0
h012f012    97.057   0.012863     7795          0
h012f012     97.07   0.012839     7796          0
h012f012    97.083   0.012844     7797          0
h012f012    97.096   0.012835     7798          0
h012f012    97.109   0.012827     7799          0
RESTART file=dumps/rdump1
h012f012    97.122   0.012833     7800          0
h012f012    97.134   0.012836     7801          0
h012f012    97.147   0.012836     7802          0
h012f012     97.16   0.012829     7803          0
h012f012    97.173   0.012826     7804          0
h012f012    97.186   0.012826     7805          0
h012f012    97.199   0.012828     7806          0
h012f012    97.211   0.012782     7807          0
h012f012    97.224   0.012717     7808          0
h012f012    97.237   0.012676     7809          0
h012f012     97.25    0.01265     7810          0
h012f012    97.262   0.012644     7811          0
h012f012    97.275   0.012662     7812          0
h012f012    97.288   0.012708     7813          0
h012f012      97.3   0.012777     7814          0
h012f012    97.313   0.012781     7815          0
h012f012    97.326   0.012774     7816          0
h012f012    97.339   0.012766     7817          0
h012f012    97.351   0.012757     7818          0
h012f012    97.364   0.012712     7819          0
h012f012    97.377   0.012677     7820          0
h012f012    97.389   0.012655     7821          0
h012f012    97.402   0.012651     7822          0
h012f012    97.415   0.012676     7823          0
h012f012    97.427   0.012739     7824          0
h012f012     97.44   0.012742     7825          0
h012f012    97.453   0.012665     7826          0
h012f012    97.466   0.012613     7827          0
h012f012    97.478   0.012563     7828          0
h012f012    97.491   0.012522     7829          0
h012f012    97.503     0.0125     7830          0
h012f012    97.516   0.012504     7831          0
h012f012    97.528   0.012541     7832          0
h012f012    97.541    0.01263     7833          0
h012f012    97.553   0.012699     7834          0
h012f012    97.566   0.012697     7835          0
h012f012    97.579   0.012687     7836          0
h012f012    97.592   0.012681     7837          0
h012f012    97.604    0.01265     7838          0
h012f012    97.617   0.012602     7839          0
h012f012    97.629   0.012562     7840          0
h012f012    97.642   0.012544     7841          0
h012f012    97.655   0.012553     7842          0
h012f012    97.667     0.0126     7843          0
h012f012     97.68   0.012583     7844          0
h012f012    97.692   0.012512     7845          0
h012f012    97.705   0.012456     7846          0
h012f012    97.717   0.012422     7847          0
h012f012     97.73   0.012399     7848          0
h012f012    97.742   0.012401     7849          0
h012f012    97.755   0.012443     7850          0
h012f012    97.767   0.012537     7851          0
h012f012    97.779   0.012588     7852          0
h012f012    97.792   0.012602     7853          0
h012f012    97.805   0.012609     7854          0
h012f012    97.817     0.0126     7855          0
h012f012     97.83   0.012559     7856          0
h012f012    97.842   0.012494     7857          0
h012f012    97.855   0.012466     7858          0
h012f012    97.867   0.012454     7859          0
h012f012     97.88    0.01247     7860          0
h012f012    97.892   0.012521     7861          0
h012f012    97.905   0.012436     7862          0
h012f012    97.917   0.012377     7863          0
h012f012     97.93   0.012343     7864          0
h012f012    97.942   0.012339     7865          0
h012f012    97.954   0.012353     7866          0
h012f012    97.967   0.012408     7867          0
h012f012    97.979   0.012509     7868          0
h012f012    97.992   0.012487     7869          0
h012f012    98.004   0.012495     7870          0
h012f012    98.017   0.012526     7871          0
h012f012    98.029   0.012493     7872          0
h012f012    98.042   0.012405     7873          0
h012f012    98.054   0.012357     7874          0
h012f012    98.066   0.012338     7875          0
h012f012    98.079   0.012344     7876          0
h012f012    98.091   0.012376     7877          0
h012f012    98.103   0.012459     7878          0
h012f012    98.116   0.012555     7879          0
h012f012    98.128   0.012538     7880          0
h012f012    98.141   0.012557     7881          0
h012f012    98.154   0.012523     7882          0
h012f012    98.166   0.012465     7883          0
h012f012    98.179   0.012431     7884          0
h012f012    98.191   0.012395     7885          0
h012f012    98.203   0.012396     7886          0
h012f012    98.216   0.012427     7887          0
h012f012    98.228   0.012412     7888          0
h012f012    98.241   0.012334     7889          0
h012f012    98.253   0.012292     7890          0
h012f012    98.265   0.012267     7891          0
h012f012    98.277   0.012276     7892          0
h012f012     98.29   0.012309     7893          0
h012f012    98.302   0.012389     7894          0
h012f012    98.314   0.012408     7895          0
h012f012    98.327   0.012402     7896          0
h012f012    98.339   0.012427     7897          0
h012f012    98.352   0.012429     7898          0
h012f012    98.364   0.012348     7899          0
RESTART  file=dumps/rdump0
h012f012    98.376   0.012294     7900          0
h012f012    98.389   0.012264     7901          0
h012f012    98.401   0.012266     7902          0
h012f012    98.413   0.012292     7903          0
h012f012    98.426   0.012344     7904          0
h012f012    98.438   0.012365     7905          0
h012f012     98.45   0.012352     7906          0
h012f012    98.463   0.012321     7907          0
h012f012    98.475   0.012326     7908          0
h012f012    98.487   0.012276     7909          0
h012f012      98.5   0.012241     7910          0
h012f012    98.512   0.012225     7911          0
h012f012    98.524   0.012215     7912          0
h012f012    98.536   0.012216     7913          0
h012f012    98.548   0.012254     7914          0
h012f012    98.561   0.012253     7915          0
h012f012    98.573   0.012214     7916          0
h012f012    98.585   0.012192     7917          0
h012f012    98.597   0.012175     7918          0
h012f012     98.61   0.012175     7919          0
h012f012    98.622   0.012213     7920          0
h012f012    98.634    0.01224     7921          0
h012f012    98.646   0.012242     7922          0
h012f012    98.658   0.012239     7923          0
h012f012    98.671   0.012247     7924          0
h012f012    98.683    0.01227     7925          0
h012f012    98.695    0.01223     7926          0
h012f012    98.707   0.012207     7927          0
h012f012     98.72   0.012186     7928          0
h012f012    98.732   0.012162     7929          0
h012f012    98.744   0.012153     7930          0
h012f012    98.756   0.012179     7931          0
h012f012    98.768   0.012229     7932          0
h012f012    98.781   0.012309     7933          0
h012f012    98.793   0.012307     7934          0
h012f012    98.805   0.012321     7935          0
h012f012    98.817   0.012268     7936          0
h012f012     98.83   0.012243     7937          0
h012f012    98.842   0.012236     7938          0
h012f012    98.854   0.012227     7939          0
h012f012    98.866   0.012252     7940          0
h012f012    98.879   0.012262     7941          0
h012f012    98.891   0.012316     7942          0
h012f012    98.903    0.01238     7943          0
h012f012    98.916   0.012355     7944          0
h012f012    98.928   0.012338     7945          0
LOG      t=98.928 	 divbmax: 135 105 4.22617e-12
h012f012     98.94   0.012337     7946          0
h012f012    98.953   0.012316     7947          0
h012f012    98.965   0.012305     7948          0
h012f012    98.977   0.012296     7949          0
h012f012     98.99   0.012298     7950          0
h012f012    99.002   0.012343     7951          0
h012f012    99.014   0.012386     7952          0
h012f012    99.027   0.012412     7953          0
h012f012    99.039   0.012339     7954          0
h012f012    99.051   0.012288     7955          0
h012f012    99.064   0.012249     7956          0
h012f012    99.076   0.012231     7957          0
h012f012    99.088   0.012246     7958          0
h012f012      99.1   0.012284     7959          0
h012f012    99.113   0.012359     7960          0
h012f012    99.125   0.012417     7961          0
h012f012    99.137   0.012475     7962          0
h012f012     99.15   0.012417     7963          0
h012f012    99.162   0.012364     7964          0
h012f012    99.175   0.012351     7965          0
h012f012    99.187    0.01231     7966          0
h012f012    99.199    0.01228     7967          0
h012f012    99.212   0.012297     7968          0
h012f012    99.224   0.012332     7969          0
h012f012    99.236   0.012396     7970          0
h012f012    99.249   0.012499     7971          0
h012f012    99.261   0.012548     7972          0
h012f012    99.274   0.012467     7973          0
h012f012    99.286   0.012401     7974          0
h012f012    99.299   0.012376     7975          0
h012f012    99.311   0.012388     7976          0
h012f012    99.323   0.012395     7977          0
h012f012    99.336    0.01241     7978          0
h012f012    99.348   0.012459     7979          0
h012f012    99.361   0.012518     7980          0
h012f012    99.373   0.012447     7981          0
h012f012    99.386   0.012405     7982          0
h012f012    99.398   0.012374     7983          0
h012f012     99.41   0.012386     7984          0
h012f012    99.423    0.01242     7985          0
h012f012    99.435   0.012465     7986          0
h012f012    99.448   0.012476     7987          0
h012f012     99.46   0.012486     7988          0
h012f012    99.473   0.012482     7989          0
h012f012    99.485   0.012416     7990          0
h012f012    99.497   0.012364     7991          0
h012f012     99.51   0.012323     7992          0
h012f012    99.522   0.012316     7993          0
h012f012    99.534   0.012336     7994          0
h012f012    99.547   0.012376     7995          0
h012f012    99.559   0.012379     7996          0
h012f012    99.572   0.012365     7997          0
h012f012    99.584    0.01236     7998          0
h012f012    99.596   0.012361     7999          0
RESTART file=dumps/rdump1
h012f012    99.609   0.012359     8000          0
h012f012    99.621   0.012354     8001          0
h012f012    99.633   0.012306     8002          0
h012f012    99.646   0.012243     8003          0
h012f012    99.658   0.012233     8004          0
h012f012     99.67   0.012247     8005          0
h012f012    99.682   0.012302     8006          0
h012f012    99.695   0.012318     8007          0
h012f012    99.707    0.01231     8008          0
h012f012    99.719   0.012311     8009          0
h012f012    99.732   0.012303     8010          0
h012f012    99.744   0.012282     8011          0
h012f012    99.756   0.012242     8012          0
h012f012    99.768   0.012208     8013          0
h012f012    99.781   0.012179     8014          0
h012f012    99.793   0.012161     8015          0
h012f012    99.805   0.012158     8016          0
h012f012    99.817   0.012175     8017          0
h012f012    99.829   0.012247     8018          0
h012f012    99.842   0.012246     8019          0
h012f012    99.854   0.012242     8020          0
h012f012    99.866   0.012247     8021          0
h012f012    99.878   0.012252     8022          0
h012f012    99.891   0.012219     8023          0
h012f012    99.903   0.012161     8024          0
h012f012    99.915   0.012126     8025          0
h012f012    99.927   0.012118     8026          0
h012f012    99.939   0.012142     8027          0
h012f012    99.951   0.012135     8028          0
h012f012    99.963   0.012127     8029          0
h012f012    99.976   0.012145     8030          0
h012f012    99.988    0.01215     8031          0
h012f012       100   0.012167     8032          0
h012f012    100.01   0.012229     8033          0
h012f012    100.02   0.012193     8034          0
h012f012    100.04   0.012125     8035          0
h012f012    100.05   0.012065     8036          0
h012f012    100.06   0.012023     8037          0
h012f012    100.07   0.011991     8038          0
h012f012    100.08   0.011979     8039          0
h012f012     100.1   0.012024     8040          0
h012f012    100.11   0.012115     8041          0
h012f012    100.12    0.01213     8042          0
h012f012    100.13   0.012115     8043          0
h012f012    100.15   0.012131     8044          0
h012f012    100.16   0.012159     8045          0
h012f012    100.17   0.012135     8046          0
h012f012    100.18   0.012111     8047          0
h012f012    100.19   0.012086     8048          0
h012f012    100.21   0.012056     8049          0
h012f012    100.22   0.011999     8050          0
h012f012    100.23   0.011968     8051          0
h012f012    100.24    0.01197     8052          0
h012f012    100.25    0.01201     8053          0
h012f012    100.27   0.012064     8054          0
h012f012    100.28   0.012087     8055          0
h012f012    100.29   0.012125     8056          0
h012f012     100.3     0.0121     8057          0
h012f012    100.31   0.012074     8058          0
h012f012    100.33   0.012047     8059          0
h012f012    100.34   0.012023     8060          0
h012f012    100.35   0.012013     8061          0
h012f012    100.36   0.012009     8062          0
h012f012    100.37   0.012002     8063          0
h012f012    100.39   0.011972     8064          0
h012f012     100.4   0.011957     8065          0
h012f012    100.41   0.011972     8066          0
h012f012    100.42   0.012021     8067          0
h012f012    100.43   0.011997     8068          0
h012f012    100.45   0.011962     8069          0
h012f012    100.46   0.011953     8070          0
h012f012    100.47   0.011952     8071          0
h012f012    100.48   0.011992     8072          0
h012f012    100.49   0.012017     8073          0
h012f012    100.51   0.012023     8074          0
h012f012    100.52   0.012033     8075          0
h012f012    100.53   0.011988     8076          0
h012f012    100.54   0.011958     8077          0
h012f012    100.55   0.011937     8078          0
h012f012    100.57   0.011942     8079          0
h012f012    100.58   0.011971     8080          0
h012f012    100.59   0.011932     8081          0
h012f012     100.6   0.011909     8082          0
h012f012    100.61   0.011886     8083          0
h012f012    100.63    0.01187     8084          0
h012f012    100.64    0.01188     8085          0
h012f012    100.65    0.01194     8086          0
h012f012    100.66    0.01204     8087          0
h012f012    100.67   0.012026     8088          0
h012f012    100.69   0.012003     8089          0
h012f012     100.7   0.011987     8090          0
h012f012    100.71   0.011965     8091          0
h012f012    100.72   0.011948     8092          0
h012f012    100.73   0.011964     8093          0
h012f012    100.75   0.011936     8094          0
h012f012    100.76   0.011908     8095          0
h012f012    100.77   0.011892     8096          0
h012f012    100.78   0.011878     8097          0
h012f012    100.79   0.011895     8098          0
h012f012     100.8   0.011922     8099          0
RESTART  file=dumps/rdump0
h012f012    100.82   0.011988     8100          0
h012f012    100.83   0.012003     8101          0
h012f012    100.84      0.012     8102          0
h012f012    100.85   0.012002     8103          0
h012f012    100.86   0.012006     8104          0
h012f012    100.88   0.012019     8105          0
h012f012    100.89    0.01198     8106          0
h012f012     100.9   0.011957     8107          0
h012f012    100.91   0.011947     8108          0
h012f012    100.92   0.011934     8109          0
h012f012    100.94   0.011927     8110          0
LOG      t=100.937 	 divbmax: 135 105 4.26781e-12
h012f012    100.95   0.011945     8111          0
h012f012    100.96   0.011993     8112          0
h012f012    100.97   0.012052     8113          0
h012f012    100.98   0.012069     8114          0
h012f012       101   0.012068     8115          0
h012f012    101.01    0.01205     8116          0
h012f012    101.02   0.012034     8117          0
h012f012    101.03   0.012019     8118          0
h012f012    101.04   0.012009     8119          0
h012f012    101.06   0.011993     8120          0
h012f012    101.07   0.011995     8121          0
h012f012    101.08   0.011989     8122          0
h012f012    101.09   0.011999     8123          0
h012f012     101.1   0.012017     8124          0
h012f012    101.12   0.012008     8125          0
h012f012    101.13   0.012039     8126          0
h012f012    101.14   0.012039     8127          0
h012f012    101.15   0.012024     8128          0
h012f012    101.16   0.012018     8129          0
h012f012    101.18   0.012021     8130          0
h012f012    101.19    0.01203     8131          0
h012f012     101.2   0.012033     8132          0
h012f012    101.21   0.012011     8133          0
h012f012    101.22   0.012013     8134          0
h012f012    101.24   0.012048     8135          0
h012f012    101.25   0.012064     8136          0
h012f012    101.26   0.012035     8137          0
h012f012    101.27   0.012026     8138          0
h012f012    101.29   0.012033     8139          0
h012f012     101.3   0.012025     8140          0
h012f012    101.31   0.012048     8141          0
h012f012    101.32   0.012056     8142          0
h012f012    101.33   0.012077     8143          0
h012f012    101.35   0.012123     8144          0
h012f012    101.36   0.012113     8145          0
h012f012    101.37   0.012117     8146          0
h012f012    101.38   0.012117     8147          0
h012f012    101.39   0.012113     8148          0
h012f012    101.41   0.012098     8149          0
h012f012    101.42   0.012071     8150          0
h012f012    101.43   0.012056     8151          0
h012f012    101.44   0.012045     8152          0
h012f012    101.45   0.012079     8153          0
h012f012    101.47   0.012098     8154          0
h012f012    101.48   0.012094     8155          0
h012f012    101.49   0.012093     8156          0
h012f012     101.5   0.012096     8157          0
h012f012    101.51   0.012101     8158          0
h012f012    101.53   0.012109     8159          0
h012f012    101.54   0.012125     8160          0
h012f012    101.55   0.012131     8161          0
h012f012    101.56   0.012112     8162          0
h012f012    101.58   0.012111     8163          0
h012f012    101.59    0.01214     8164          0
h012f012     101.6    0.01221     8165          0
h012f012    101.61   0.012217     8166          0
h012f012    101.62   0.012194     8167          0
h012f012    101.64   0.012163     8168          0
h012f012    101.65   0.012156     8169          0
h012f012    101.66   0.012169     8170          0
h012f012    101.67   0.012156     8171          0
h012f012    101.68   0.012133     8172          0
h012f012     101.7    0.01214     8173          0
h012f012    101.71   0.012136     8174          0
h012f012    101.72   0.012116     8175          0
h012f012    101.73   0.012083     8176          0
h012f012    101.75   0.012075     8177          0
h012f012    101.76   0.012088     8178          0
h012f012    101.77   0.012084     8179          0
h012f012    101.78   0.012055     8180          0
h012f012    101.79   0.012052     8181          0
h012f012    101.81   0.012051     8182          0
h012f012    101.82    0.01203     8183          0
h012f012    101.83   0.012001     8184          0
h012f012    101.84   0.011993     8185          0
h012f012    101.85   0.012008     8186          0
h012f012    101.87   0.011999     8187          0
h012f012    101.88   0.011983     8188          0
h012f012    101.89   0.011968     8189          0
h012f012     101.9   0.011967     8190          0
h012f012    101.91    0.01194     8191          0
h012f012    101.93   0.011917     8192          0
h012f012    101.94   0.011914     8193          0
h012f012    101.95   0.011922     8194          0
h012f012    101.96   0.011911     8195          0
h012f012    101.97   0.011904     8196          0
h012f012    101.99   0.011887     8197          0
h012f012       102   0.011884     8198          0
h012f012    102.01    0.01185     8199          0
RESTART file=dumps/rdump1
h012f012    102.02   0.011833     8200          0
h012f012    102.03    0.01183     8201          0
h012f012    102.04   0.011842     8202          0
h012f012    102.06   0.011828     8203          0
h012f012    102.07   0.011824     8204          0
h012f012    102.08    0.01181     8205          0
h012f012    102.09   0.011799     8206          0
h012f012     102.1   0.011764     8207          0
h012f012    102.12    0.01175     8208          0
h012f012    102.13    0.01175     8209          0
h012f012    102.14   0.011762     8210          0
h012f012    102.15   0.011749     8211          0
h012f012    102.16   0.011743     8212          0
h012f012    102.17   0.011723     8213          0
h012f012    102.19   0.011718     8214          0
h012f012     102.2   0.011682     8215          0
h012f012    102.21   0.011669     8216          0
h012f012    102.22   0.011672     8217          0
h012f012    102.23   0.011682     8218          0
h012f012    102.24   0.011669     8219          0
h012f012    102.26   0.011643     8220          0
h012f012    102.27   0.011644     8221          0
h012f012    102.28   0.011619     8222          0
h012f012    102.29   0.011589     8223          0
h012f012     102.3   0.011588     8224          0
h012f012    102.31   0.011599     8225          0
h012f012    102.33   0.011567     8226          0
h012f012    102.34   0.011512     8227          0
h012f012    102.35   0.011511     8228          0
h012f012    102.36   0.011523     8229          0
h012f012    102.37   0.011503     8230          0
h012f012    102.38   0.011516     8231          0
h012f012    102.39   0.011513     8232          0
h012f012    102.41   0.011437     8233          0
h012f012    102.42   0.011381     8234          0
h012f012    102.43   0.011438     8235          0
h012f012    102.44   0.011441     8236          0
h012f012    102.45   0.011434     8237          0
h012f012    102.46   0.011421     8238          0
h012f012    102.47   0.011403     8239          0
h012f012    102.49   0.011391     8240          0
h012f012     102.5   0.011385     8241          0
h012f012    102.51   0.011367     8242          0
h012f012    102.52   0.011349     8243          0
h012f012    102.53    0.01134     8244          0
h012f012    102.54   0.011318     8245          0
h012f012    102.55   0.011317     8246          0
h012f012    102.57   0.011299     8247          0
h012f012    102.58   0.011288     8248          0
h012f012    102.59   0.011229     8249          0
h012f012     102.6   0.011209     8250          0
h012f012    102.61    0.01125     8251          0
h012f012    102.62   0.011212     8252          0
h012f012    102.63   0.011137     8253          0
h012f012    102.64     0.0111     8254          0
h012f012    102.66   0.011156     8255          0
h012f012    102.67   0.011213     8256          0
h012f012    102.68   0.011188     8257          0
h012f012    102.69   0.011175     8258          0
h012f012     102.7   0.011161     8259          0
h012f012    102.71   0.011148     8260          0
h012f012    102.72   0.011134     8261          0
h012f012    102.73   0.011122     8262          0
h012f012    102.74   0.011125     8263          0
h012f012    102.76   0.011109     8264          0
h012f012    102.77   0.011085     8265          0
h012f012    102.78   0.011067     8266          0
h012f012    102.79   0.011047     8267          0
h012f012     102.8   0.010975     8268          0
h012f012    102.81   0.010945     8269          0
h012f012    102.82   0.010951     8270          0
h012f012    102.83   0.010909     8271          0
h012f012    102.84   0.010855     8272          0
h012f012    102.85   0.010874     8273          0
h012f012    102.87   0.010979     8274          0
h012f012    102.88   0.011007     8275          0
h012f012    102.89   0.011012     8276          0
h012f012     102.9   0.010998     8277          0
h012f012    102.91    0.01099     8278          0
h012f012    102.92   0.010976     8279          0
h012f012    102.93   0.010929     8280          0
LOG      t=102.932 	 divbmax: 135 105 4.4208e-12
h012f012    102.94   0.010892     8281          0
h012f012    102.95   0.010855     8282          0
h012f012    102.96    0.01079     8283          0
h012f012    102.98   0.010777     8284          0
h012f012    102.99   0.010764     8285          0
h012f012       103   0.010689     8286          0
h012f012    103.01    0.01065     8287          0
h012f012    103.02   0.010693     8288          0
h012f012    103.03   0.010655     8289          0
h012f012    103.04   0.010651     8290          0
h012f012    103.05   0.010737     8291          0
h012f012    103.06   0.010774     8292          0
h012f012    103.07   0.010802     8293          0
h012f012    103.08   0.010808     8294          0
h012f012    103.09   0.010807     8295          0
h012f012     103.1   0.010765     8296          0
h012f012    103.11   0.010681     8297          0
h012f012    103.13   0.010627     8298          0
h012f012    103.14    0.01059     8299          0
RESTART  file=dumps/rdump0
h012f012    103.15    0.01054     8300          0
h012f012    103.16   0.010491     8301          0
h012f012    103.17    0.01045     8302          0
h012f012    103.18   0.010401     8303          0
h012f012    103.19   0.010433     8304          0
h012f012     103.2    0.01054     8305          0
h012f012    103.21   0.010612     8306          0
h012f012    103.22   0.010661     8307          0
h012f012    103.23    0.01069     8308          0
h012f012    103.24   0.010707     8309          0
h012f012    103.25   0.010715     8310          0
h012f012    103.26    0.01072     8311          0
h012f012    103.27   0.010721     8312          0
h012f012    103.28   0.010722     8313          0
h012f012    103.29   0.010722     8314          0
h012f012    103.31    0.01072     8315          0
h012f012    103.32   0.010718     8316          0
h012f012    103.33   0.010706     8317          0
h012f012    103.34   0.010648     8318          0
h012f012    103.35   0.010578     8319          0
h012f012    103.36   0.010522     8320          0
h012f012    103.37   0.010449     8321          0
h012f012    103.38   0.010412     8322          0
h012f012    103.39   0.010382     8323          0
h012f012     103.4   0.010303     8324          0
h012f012    103.41   0.010228     8325          0
h012f012    103.42    0.01018     8326          0
h012f012    103.43   0.010144     8327          0
h012f012    103.44   0.010111     8328          0
h012f012    103.45   0.010087     8329          0
h012f012    103.46   0.010071     8330          0
h012f012    103.47   0.010069     8331          0
h012f012    103.48   0.010066     8332          0
h012f012    103.49   0.010069     8333          0
h012f012     103.5   0.010076     8334          0
h012f012    103.51   0.010086     8335          0
h012f012    103.52     0.0101     8336          0
h012f012    103.53   0.010119     8337          0
h012f012    103.54   0.010138     8338          0
h012f012    103.55   0.010157     8339          0
h012f012    103.56   0.010174     8340          0
h012f012    103.57   0.010191     8341          0
h012f012    103.58   0.010207     8342          0
h012f012    103.59   0.010225     8343          0
h012f012     103.6   0.010242     8344          0
h012f012    103.61   0.010259     8345          0
h012f012    103.62   0.010278     8346          0
h012f012    103.63   0.010297     8347          0
h012f012    103.64   0.010317     8348          0
h012f012    103.65   0.010337     8349          0
h012f012    103.67    0.01036     8350          0
h012f012    103.68   0.010385     8351          0
h012f012    103.69   0.010416     8352          0
h012f012     103.7   0.010439     8353          0
h012f012    103.71   0.010461     8354          0
h012f012    103.72   0.010486     8355          0
h012f012    103.73   0.010481     8356          0
h012f012    103.74   0.010469     8357          0
h012f012    103.75   0.010467     8358          0
h012f012    103.76   0.010475     8359          0
h012f012    103.77   0.010521     8360          0
h012f012    103.78   0.010574     8361          0
h012f012    103.79   0.010635     8362          0
h012f012     103.8    0.01061     8363          0
h012f012    103.81   0.010581     8364          0
h012f012    103.82    0.01055     8365          0
h012f012    103.83   0.010512     8366          0
h012f012    103.84   0.010469     8367          0
h012f012    103.85   0.010429     8368          0
h012f012    103.86   0.010405     8369          0
h012f012    103.88    0.01039     8370          0
h012f012    103.89   0.010385     8371          0
h012f012     103.9   0.010405     8372          0
h012f012    103.91   0.010446     8373          0
h012f012    103.92     0.0105     8374          0
h012f012    103.93   0.010561     8375          0
h012f012    103.94   0.010632     8376          0
h012f012    103.95   0.010695     8377          0
h012f012    103.96   0.010684     8378          0
h012f012    103.97   0.010647     8379          0
h012f012    103.98   0.010687     8380          0
h012f012    103.99    0.01065     8381          0
h012f012       104   0.010654     8382          0
h012f012    104.01   0.010649     8383          0
h012f012    104.02   0.010605     8384          0
h012f012    104.03   0.010598     8385          0
h012f012    104.04   0.010603     8386          0
h012f012    104.05   0.010618     8387          0
h012f012    104.07   0.010652     8388          0
h012f012    104.08   0.010695     8389          0
h012f012    104.09   0.010701     8390          0
h012f012     104.1   0.010698     8391          0
h012f012    104.11   0.010697     8392          0
h012f012    104.12   0.010698     8393          0
h012f012    104.13   0.010704     8394          0
h012f012    104.14   0.010708     8395          0
h012f012    104.15   0.010716     8396          0
h012f012    104.16   0.010728     8397          0
h012f012    104.17   0.010746     8398          0
h012f012    104.18   0.010774     8399          0
RESTART file=dumps/rdump1
h012f012    104.19   0.010785     8400          0
h012f012     104.2   0.010852     8401          0
h012f012    104.22   0.010845     8402          0
h012f012    104.23   0.010841     8403          0
h012f012    104.24    0.01084     8404          0
h012f012    104.25   0.010845     8405          0
h012f012    104.26    0.01085     8406          0
h012f012    104.27   0.010857     8407          0
h012f012    104.28    0.01087     8408          0
h012f012    104.29    0.01089     8409          0
h012f012     104.3   0.010922     8410          0
h012f012    104.31   0.010945     8411          0
h012f012    104.32   0.010993     8412          0
h012f012    104.34   0.010987     8413          0
h012f012    104.35   0.010985     8414          0
h012f012    104.36    0.01099     8415          0
h012f012    104.37   0.010995     8416          0
h012f012    104.38   0.011003     8417          0
h012f012    104.39   0.011018     8418          0
h012f012     104.4   0.011041     8419          0
h012f012    104.41   0.011076     8420          0
h012f012    104.42   0.011117     8421          0
h012f012    104.43   0.011139     8422          0
h012f012    104.45   0.011133     8423          0
h012f012    104.46   0.011132     8424          0
h012f012    104.47   0.011138     8425          0
h012f012    104.48   0.011145     8426          0
h012f012    104.49   0.011158     8427          0
h012f012     104.5   0.011179     8428          0
h012f012    104.51   0.011212     8429          0
h012f012    104.52   0.011231     8430          0
h012f012    104.53   0.011286     8431          0
h012f012    104.55    0.01128     8432          0
h012f012    104.56   0.011278     8433          0
h012f012    104.57   0.011285     8434          0
h012f012    104.58   0.011291     8435          0
h012f012    104.59   0.011304     8436          0
h012f012     104.6   0.011325     8437          0
h012f012    104.61   0.011359     8438          0
h012f012    104.63   0.011375     8439          0
h012f012    104.64   0.011434     8440          0
h012f012    104.65   0.011428     8441          0
h012f012    104.66   0.011426     8442          0
h012f012    104.67   0.011433     8443          0
h012f012    104.68   0.011441     8444          0
h012f012    104.69   0.011455     8445          0
h012f012    104.71   0.011481     8446          0
h012f012    104.72    0.01152     8447          0
h012f012    104.73   0.011542     8448          0
h012f012    104.74   0.011584     8449          0
h012f012    104.75   0.011578     8450          0
h012f012    104.76   0.011577     8451          0
h012f012    104.77   0.011585     8452          0
h012f012    104.79   0.011595     8453          0
h012f012     104.8   0.011611     8454          0
h012f012    104.81   0.011642     8455          0
h012f012    104.82   0.011668     8456          0
h012f012    104.83   0.011723     8457          0
h012f012    104.84   0.011733     8458          0
h012f012    104.86   0.011728     8459          0
h012f012    104.87   0.011728     8460          0
h012f012    104.88   0.011738     8461          0
h012f012    104.89   0.011751     8462          0
h012f012     104.9   0.011772     8463          0
h012f012    104.91   0.011808     8464          0
h012f012    104.93   0.011803     8465          0
LOG      t=104.927 	 divbmax: 135 105 4.30089e-12
h012f012    104.94   0.011887     8466          0
h012f012    104.95   0.011881     8467          0
h012f012    104.96   0.011878     8468          0
h012f012    104.97   0.011879     8469          0
h012f012    104.99    0.01189     8470          0
h012f012       105   0.011905     8471          0
h012f012    105.01   0.011932     8472          0
h012f012    105.02   0.011897     8473          0
h012f012    105.03   0.011892     8474          0
h012f012    105.05   0.011889     8475          0
h012f012    105.06   0.011897     8476          0
h012f012    105.07   0.011874     8477          0
h012f012    105.08    0.01187     8478          0
h012f012    105.09   0.011824     8479          0
h012f012     105.1   0.011808     8480          0
h012f012    105.12   0.011797     8481          0
h012f012    105.13   0.011783     8482          0
h012f012    105.14    0.01178     8483          0
h012f012    105.15   0.011788     8484          0
h012f012    105.16   0.011761     8485          0
h012f012    105.18   0.011721     8486          0
h012f012    105.19   0.011702     8487          0
h012f012     105.2   0.011697     8488          0
h012f012    105.21   0.011689     8489          0
h012f012    105.22   0.011694     8490          0
h012f012    105.23   0.011682     8491          0
h012f012    105.25   0.011641     8492          0
h012f012    105.26   0.011608     8493          0
h012f012    105.27   0.011609     8494          0
h012f012    105.28   0.011613     8495          0
h012f012    105.29   0.011599     8496          0
h012f012     105.3   0.011589     8497          0
h012f012    105.32   0.011538     8498          0
h012f012    105.33    0.01152     8499          0
RESTART  file=dumps/rdump0
h012f012    105.34   0.011512     8500          0
h012f012    105.35   0.011529     8501          0
h012f012    105.36   0.011508     8502          0
h012f012    105.37   0.011495     8503          0
h012f012    105.38   0.011443     8504          0
h012f012     105.4   0.011435     8505          0
h012f012    105.41   0.011427     8506          0
h012f012    105.42   0.011441     8507          0
h012f012    105.43   0.011422     8508          0
h012f012    105.44    0.01141     8509          0
h012f012    105.45   0.011348     8510          0
h012f012    105.46    0.01135     8511          0
h012f012    105.48   0.011347     8512          0
h012f012    105.49   0.011355     8513          0
h012f012     105.5   0.011338     8514          0
h012f012    105.51   0.011327     8515          0
h012f012    105.52   0.011259     8516          0
h012f012    105.53   0.011256     8517          0
h012f012    105.54   0.011265     8518          0
h012f012    105.56   0.011258     8519          0
h012f012    105.57   0.011242     8520          0
h012f012    105.58   0.011244     8521          0
h012f012    105.59   0.011171     8522          0
h012f012     105.6   0.011164     8523          0
h012f012    105.61   0.011164     8524          0
h012f012    105.62    0.01116     8525          0
h012f012    105.63   0.011153     8526          0
h012f012    105.64   0.011135     8527          0
h012f012    105.66    0.01108     8528          0
h012f012    105.67   0.011069     8529          0
h012f012    105.68   0.011061     8530          0
h012f012    105.69   0.011071     8531          0
h012f012     105.7   0.011054     8532          0
h012f012    105.71    0.01102     8533          0
h012f012    105.72   0.010978     8534          0
h012f012    105.73    0.01098     8535          0
h012f012    105.74   0.010979     8536          0
h012f012    105.76   0.010971     8537          0
h012f012    105.77   0.010963     8538          0
h012f012    105.78   0.010915     8539          0
h012f012    105.79   0.010886     8540          0
h012f012     105.8   0.010885     8541          0
h012f012    105.81   0.010898     8542          0
h012f012    105.82    0.01088     8543          0
h012f012    105.83   0.010872     8544          0
h012f012    105.84   0.010817     8545          0
h012f012    105.85   0.010801     8546          0
h012f012    105.86     0.0108     8547          0
h012f012    105.87    0.01082     8548          0
h012f012    105.89   0.010803     8549          0
h012f012     105.9   0.010788     8550          0
h012f012    105.91   0.010719     8551          0
h012f012    105.92    0.01071     8552          0
h012f012    105.93   0.010722     8553          0
h012f012    105.94   0.010742     8554          0
h012f012    105.95   0.010721     8555          0
h012f012    105.96   0.010709     8556          0
h012f012    105.97    0.01064     8557          0
h012f012    105.98   0.010636     8558          0
h012f012    105.99    0.01065     8559          0
h012f012       106    0.01064     8560          0
h012f012    106.01    0.01063     8561          0
h012f012    106.02   0.010618     8562          0
h012f012    106.04   0.010574     8563          0
h012f012    106.05   0.010563     8564          0
h012f012    106.06   0.010553     8565          0
h012f012    106.07   0.010547     8566          0
h012f012    106.08   0.010551     8567          0
h012f012    106.09   0.010479     8568          0
h012f012     106.1   0.010462     8569          0
h012f012    106.11   0.010462     8570          0
h012f012    106.12   0.010465     8571          0
h012f012    106.13   0.010474     8572          0
h012f012    106.14   0.010456     8573          0
h012f012    106.15   0.010409     8574          0
h012f012    106.16   0.010373     8575          0
h012f012    106.17   0.010382     8576          0
h012f012    106.18   0.010373     8577          0
h012f012    106.19   0.010371     8578          0
h012f012     106.2    0.01035     8579          0
h012f012    106.21    0.01033     8580          0
h012f012    106.22   0.010316     8581          0
h012f012    106.23   0.010302     8582          0
h012f012    106.24    0.01026     8583          0
h012f012    106.25   0.010242     8584          0
h012f012    106.26   0.010231     8585          0
h012f012    106.27   0.010221     8586          0
h012f012    106.28   0.010241     8587          0
h012f012     106.3   0.010251     8588          0
h012f012    106.31   0.010263     8589          0
h012f012    106.32   0.010271     8590          0
h012f012    106.33   0.010228     8591          0
h012f012    106.34   0.010199     8592          0
h012f012    106.35   0.010185     8593          0
h012f012    106.36   0.010191     8594          0
h012f012    106.37   0.010171     8595          0
h012f012    106.38   0.010158     8596          0
h012f012    106.39   0.010146     8597          0
h012f012     106.4   0.010135     8598          0
h012f012    106.41   0.010125     8599          0
RESTART file=dumps/rdump1
h012f012    106.42   0.010122     8600          0
h012f012    106.43   0.010124     8601          0
h012f012    106.44   0.010123     8602          0
h012f012    106.45   0.010125     8603          0
h012f012    106.46   0.010132     8604          0
h012f012    106.47   0.010141     8605          0
h012f012    106.48   0.010154     8606          0
h012f012    106.49   0.010179     8607          0
h012f012     106.5   0.010251     8608          0
h012f012    106.51   0.010277     8609          0
h012f012    106.52    0.01028     8610          0
h012f012    106.53   0.010293     8611          0
h012f012    106.54   0.010311     8612          0
h012f012    106.55   0.010352     8613          0
h012f012    106.56   0.010421     8614          0
h012f012    106.57   0.010418     8615          0
h012f012    106.58   0.010425     8616          0
h012f012    106.59   0.010443     8617          0
h012f012     106.6   0.010469     8618          0
h012f012    106.61   0.010564     8619          0
h012f012    106.62   0.010557     8620          0
h012f012    106.63    0.01056     8621          0
h012f012    106.64   0.010573     8622          0
h012f012    106.65   0.010595     8623          0
h012f012    106.67   0.010642     8624          0
h012f012    106.68   0.010702     8625          0
h012f012    106.69   0.010699     8626          0
h012f012     106.7   0.010706     8627          0
h012f012    106.71   0.010725     8628          0
h012f012    106.72   0.010757     8629          0
h012f012    106.73   0.010853     8630          0
h012f012    106.74   0.010844     8631          0
h012f012    106.75   0.010846     8632          0
h012f012    106.76   0.010859     8633          0
h012f012    106.77   0.010884     8634          0
h012f012    106.78   0.010936     8635          0
h012f012    106.79   0.010989     8636          0
h012f012    106.81   0.010987     8637          0
h012f012    106.82   0.010996     8638          0
h012f012    106.83   0.011015     8639          0
h012f012    106.84   0.011053     8640          0
h012f012    106.85   0.011142     8641          0
h012f012    106.86   0.011137     8642          0
h012f012    106.87   0.011138     8643          0
h012f012    106.88   0.011152     8644          0
h012f012    106.89   0.011181     8645          0
h012f012    106.91   0.011241     8646          0
h012f012    106.92    0.01128     8647          0
h012f012    106.93   0.011281     8648          0
LOG      t=106.928 	 divbmax: 135 105 4.34186e-12
h012f012    106.94    0.01129     8649          0
h012f012    106.95   0.011311     8650          0
h012f012    106.96   0.011356     8651          0
h012f012    106.97   0.011433     8652          0
h012f012    106.98   0.011431     8653          0
h012f012       107   0.011436     8654          0
h012f012    107.01    0.01145     8655          0
h012f012    107.02   0.011483     8656          0
h012f012    107.03   0.011552     8657          0
h012f012    107.04   0.011577     8658          0
h012f012    107.05    0.01158     8659          0
h012f012    107.07    0.01159     8660          0
h012f012    107.08   0.011613     8661          0
h012f012    107.09   0.011666     8662          0
h012f012     107.1   0.011729     8663          0
h012f012    107.11   0.011729     8664          0
h012f012    107.12   0.011736     8665          0
h012f012    107.14   0.011752     8666          0
h012f012    107.15    0.01179     8667          0
h012f012    107.16   0.011871     8668          0
h012f012    107.17   0.011875     8669          0
h012f012    107.18   0.011879     8670          0
h012f012    107.19   0.011893     8671          0
h012f012    107.21   0.011918     8672          0
h012f012    107.22   0.011976     8673          0
h012f012    107.23   0.012028     8674          0
h012f012    107.24   0.012028     8675          0
h012f012    107.25   0.012036     8676          0
h012f012    107.27   0.012055     8677          0
h012f012    107.28   0.012083     8678          0
h012f012    107.29   0.012071     8679          0
h012f012     107.3   0.012014     8680          0
h012f012    107.31   0.011989     8681          0
h012f012    107.33   0.012026     8682          0
h012f012    107.34    0.01203     8683          0
h012f012    107.35    0.01201     8684          0
h012f012    107.36   0.011989     8685          0
h012f012    107.37   0.011973     8686          0
h012f012    107.39    0.01196     8687          0
h012f012     107.4   0.011941     8688          0
h012f012    107.41   0.011912     8689          0
h012f012    107.42   0.011911     8690          0
h012f012    107.43   0.011913     8691          0
h012f012    107.45   0.011894     8692          0
h012f012    107.46   0.011874     8693          0
h012f012    107.47    0.01186     8694          0
h012f012    107.48    0.01185     8695          0
h012f012    107.49   0.011833     8696          0
h012f012    107.51   0.011833     8697          0
h012f012    107.52   0.011824     8698          0
h012f012    107.53   0.011796     8699          0
RESTART  file=dumps/rdump0
h012f012    107.54   0.011777     8700          0
h012f012    107.55   0.011759     8701          0
h012f012    107.56   0.011746     8702          0
h012f012    107.58   0.011737     8703          0
h012f012    107.59   0.011726     8704          0
h012f012     107.6   0.011723     8705          0
h012f012    107.61   0.011705     8706          0
h012f012    107.62   0.011681     8707          0
h012f012    107.63   0.011663     8708          0
h012f012    107.65   0.011646     8709          0
h012f012    107.66   0.011634     8710          0
h012f012    107.67   0.011626     8711          0
h012f012    107.68   0.011618     8712          0
h012f012    107.69   0.011607     8713          0
h012f012     107.7   0.011588     8714          0
h012f012    107.72   0.011571     8715          0
h012f012    107.73   0.011552     8716          0
h012f012    107.74   0.011537     8717          0
h012f012    107.75   0.011525     8718          0
h012f012    107.76   0.011519     8719          0
h012f012    107.77   0.011502     8720          0
h012f012    107.79   0.011488     8721          0
h012f012     107.8   0.011475     8722          0
h012f012    107.81   0.011458     8723          0
h012f012    107.82    0.01144     8724          0
h012f012    107.83   0.011425     8725          0
h012f012    107.84   0.011415     8726          0
h012f012    107.85     0.0114     8727          0
h012f012    107.87   0.011387     8728          0
h012f012    107.88    0.01137     8729          0
h012f012    107.89   0.011363     8730          0
h012f012     107.9   0.011343     8731          0
h012f012    107.91   0.011327     8732          0
h012f012    107.92   0.011314     8733          0
h012f012    107.93   0.011304     8734          0
h012f012    107.95   0.011283     8735          0
h012f012    107.96    0.01127     8736          0
h012f012    107.97   0.011257     8737          0
h012f012    107.98   0.011246     8738          0
h012f012    107.99   0.011225     8739          0
h012f012       108   0.011211     8740          0
h012f012    108.01   0.011201     8741          0
h012f012    108.02   0.011183     8742          0
h012f012    108.03   0.011166     8743          0
h012f012    108.05   0.011151     8744          0
h012f012    108.06   0.011143     8745          0
h012f012    108.07   0.011122     8746          0
h012f012    108.08   0.011103     8747          0
h012f012    108.09   0.011088     8748          0
h012f012     108.1   0.011078     8749          0
h012f012    108.11   0.011062     8750          0
h012f012    108.12   0.011047     8751          0
h012f012    108.13   0.011036     8752          0
h012f012    108.15   0.011015     8753          0
h012f012    108.16   0.010993     8754          0
h012f012    108.17   0.010974     8755          0
h012f012    108.18   0.010958     8756          0
h012f012    108.19   0.010947     8757          0
h012f012     108.2   0.010939     8758          0
h012f012    108.21   0.010929     8759          0
h012f012    108.22   0.010913     8760          0
h012f012    108.23   0.010889     8761          0
h012f012    108.24   0.010866     8762          0
h012f012    108.26   0.010847     8763          0
h012f012    108.27   0.010833     8764          0
h012f012    108.28   0.010822     8765          0
h012f012    108.29   0.010816     8766          0
h012f012     108.3   0.010812     8767          0
h012f012    108.31   0.010793     8768          0
h012f012    108.32    0.01077     8769          0
h012f012    108.33   0.010748     8770          0
h012f012    108.34   0.010731     8771          0
h012f012    108.35   0.010715     8772          0
h012f012    108.36   0.010707     8773          0
h012f012    108.37   0.010705     8774          0
h012f012    108.38   0.010698     8775          0
h012f012     108.4   0.010679     8776          0
h012f012    108.41   0.010658     8777          0
h012f012    108.42   0.010635     8778          0
h012f012    108.43   0.010616     8779          0
h012f012    108.44   0.010605     8780          0
h012f012    108.45   0.010599     8781          0
h012f012    108.46   0.010595     8782          0
h012f012    108.47   0.010584     8783          0
h012f012    108.48   0.010565     8784          0
h012f012    108.49   0.010545     8785          0
h012f012     108.5   0.010523     8786          0
h012f012    108.51   0.010507     8787          0
h012f012    108.52   0.010498     8788          0
h012f012    108.53   0.010492     8789          0
h012f012    108.54   0.010492     8790          0
h012f012    108.55   0.010475     8791          0
h012f012    108.56   0.010457     8792          0
h012f012    108.57   0.010437     8793          0
h012f012    108.59   0.010418     8794          0
h012f012     108.6   0.010405     8795          0
h012f012    108.61   0.010396     8796          0
h012f012    108.62   0.010394     8797          0
h012f012    108.63   0.010384     8798          0
h012f012    108.64   0.010367     8799          0
RESTART file=dumps/rdump1
h012f012    108.65   0.010348     8800          0
h012f012    108.66   0.010329     8801          0
h012f012    108.67   0.010313     8802          0
h012f012    108.68   0.010302     8803          0
h012f012    108.69   0.010297     8804          0
h012f012     108.7   0.010294     8805          0
h012f012    108.71   0.010278     8806          0
h012f012    108.72   0.010261     8807          0
h012f012    108.73   0.010244     8808          0
h012f012    108.74   0.010229     8809          0
h012f012    108.75   0.010217     8810          0
h012f012    108.76   0.010209     8811          0
h012f012    108.77   0.010207     8812          0
h012f012    108.78    0.01021     8813          0
h012f012    108.79   0.010207     8814          0
h012f012     108.8   0.010195     8815          0
h012f012    108.81   0.010183     8816          0
h012f012    108.82   0.010173     8817          0
h012f012    108.83   0.010165     8818          0
h012f012    108.84   0.010159     8819          0
h012f012    108.85   0.010154     8820          0
h012f012    108.86   0.010154     8821          0
h012f012    108.87   0.010152     8822          0
h012f012    108.88   0.010127     8823          0
h012f012    108.89   0.010107     8824          0
h012f012     108.9   0.010091     8825          0
h012f012    108.91    0.01008     8826          0
h012f012    108.92    0.01007     8827          0
h012f012    108.93   0.010062     8828          0
LOG      t=108.933 	 divbmax: 138 100 4.55003e-12
h012f012    108.94   0.010056     8829          0
h012f012    108.95   0.010051     8830          0
h012f012    108.96    0.01005     8831          0
h012f012    108.97   0.010054     8832          0
h012f012    108.98   0.010063     8833          0
h012f012    108.99   0.010075     8834          0
h012f012       109   0.010092     8835          0
h012f012    109.01   0.010112     8836          0
h012f012    109.02   0.010134     8837          0
h012f012    109.03   0.010157     8838          0
h012f012    109.04   0.010184     8839          0
h012f012    109.05   0.010216     8840          0
h012f012    109.06    0.01025     8841          0
h012f012    109.08   0.010286     8842          0
h012f012    109.09   0.010326     8843          0
h012f012     109.1   0.010368     8844          0
h012f012    109.11   0.010412     8845          0
h012f012    109.12   0.010459     8846          0
h012f012    109.13   0.010509     8847          0
h012f012    109.14   0.010559     8848          0
h012f012    109.15   0.010612     8849          0
h012f012    109.16   0.010669     8850          0
h012f012    109.17   0.010725     8851          0
h012f012    109.18   0.010783     8852          0
h012f012    109.19   0.010843     8853          0
h012f012     109.2   0.010902     8854          0
h012f012    109.21   0.010961     8855          0
h012f012    109.22   0.011021     8856          0
h012f012    109.23   0.011079     8857          0
h012f012    109.25   0.011138     8858          0
h012f012    109.26   0.011198     8859          0
h012f012    109.27   0.011257     8860          0
h012f012    109.28   0.011315     8861          0
h012f012    109.29   0.011376     8862          0
h012f012     109.3   0.011435     8863          0
h012f012    109.31   0.011481     8864          0
h012f012    109.32   0.011472     8865          0
h012f012    109.34   0.011463     8866          0
h012f012    109.35   0.011458     8867          0
h012f012    109.36   0.011454     8868          0
h012f012    109.37   0.011454     8869          0
h012f012    109.38   0.011452     8870          0
h012f012    109.39   0.011447     8871          0
h012f012     109.4   0.011445     8872          0
h012f012    109.42   0.011453     8873          0
h012f012    109.43   0.011468     8874          0
h012f012    109.44   0.011473     8875          0
h012f012    109.45   0.011451     8876          0
h012f012    109.46   0.011435     8877          0
h012f012    109.47   0.011423     8878          0
h012f012    109.49   0.011414     8879          0
h012f012     109.5   0.011407     8880          0
h012f012    109.51   0.011404     8881          0
h012f012    109.52   0.011404     8882          0
h012f012    109.53   0.011404     8883          0
h012f012    109.54   0.011405     8884          0
h012f012    109.55   0.011409     8885          0
h012f012    109.56   0.011418     8886          0
h012f012    109.58    0.01142     8887          0
h012f012    109.59   0.011412     8888          0
h012f012     109.6   0.011406     8889          0
h012f012    109.61   0.011406     8890          0
h012f012    109.62   0.011411     8891          0
h012f012    109.63   0.011401     8892          0
h012f012    109.64   0.011379     8893          0
h012f012    109.66   0.011362     8894          0
h012f012    109.67   0.011349     8895          0
h012f012    109.68    0.01134     8896          0
h012f012    109.69   0.011334     8897          0
h012f012     109.7   0.011331     8898          0
h012f012    109.71   0.011334     8899          0
RESTART  file=dumps/rdump0
h012f012    109.72   0.011327     8900          0
h012f012    109.74   0.011304     8901          0
h012f012    109.75   0.011286     8902          0
h012f012    109.76   0.011271     8903          0
h012f012    109.77    0.01126     8904          0
h012f012    109.78   0.011253     8905          0
h012f012    109.79    0.01125     8906          0
h012f012     109.8    0.01125     8907          0
h012f012    109.81   0.011245     8908          0
h012f012    109.83   0.011221     8909          0
h012f012    109.84     0.0112     8910          0
h012f012    109.85   0.011183     8911          0
h012f012    109.86   0.011168     8912          0
h012f012    109.87   0.011158     8913          0
h012f012    109.88   0.011154     8914          0
h012f012    109.89   0.011154     8915          0
h012f012     109.9   0.011155     8916          0
h012f012    109.92   0.011129     8917          0
h012f012    109.93   0.011105     8918          0
h012f012    109.94   0.011086     8919          0
h012f012    109.95   0.011069     8920          0
h012f012    109.96   0.011058     8921          0
h012f012    109.97   0.011052     8922          0
h012f012    109.98   0.011051     8923          0
h012f012    109.99   0.011054     8924          0
h012f012       110   0.011033     8925          0
h012f012    110.01   0.011009     8926          0
h012f012    110.03   0.010989     8927          0
h012f012    110.04   0.010972     8928          0
h012f012    110.05   0.010961     8929          0
h012f012    110.06   0.010954     8930          0
h012f012    110.07   0.010951     8931          0
h012f012    110.08   0.010953     8932          0
h012f012    110.09   0.010941     8933          0
h012f012     110.1   0.010917     8934          0
h012f012    110.11   0.010897     8935          0
h012f012    110.12   0.010881     8936          0
h012f012    110.14   0.010869     8937          0
h012f012    110.15   0.010861     8938          0
h012f012    110.16   0.010857     8939          0
h012f012    110.17   0.010858     8940          0
h012f012    110.18   0.010854     8941          0
h012f012    110.19    0.01083     8942          0
h012f012     110.2    0.01081     8943          0
h012f012    110.21   0.010794     8944          0
h012f012    110.22    0.01078     8945          0
h012f012    110.23    0.01077     8946          0
h012f012    110.24   0.010765     8947          0
h012f012    110.25   0.010765     8948          0
h012f012    110.26   0.010769     8949          0
h012f012    110.28   0.010745     8950          0
h012f012    110.29   0.010725     8951          0
h012f012     110.3   0.010708     8952          0
h012f012    110.31   0.010692     8953          0
h012f012    110.32   0.010681     8954          0
h012f012    110.33   0.010674     8955          0
h012f012    110.34   0.010672     8956          0
h012f012    110.35   0.010674     8957          0
h012f012    110.36   0.010666     8958          0
h012f012    110.37   0.010644     8959          0
h012f012    110.38   0.010625     8960          0
h012f012    110.39   0.010608     8961          0
h012f012     110.4   0.010594     8962          0
h012f012    110.41   0.010583     8963          0
h012f012    110.43   0.010579     8964          0
h012f012    110.44   0.010579     8965          0
h012f012    110.45   0.010584     8966          0
h012f012    110.46   0.010563     8967          0
h012f012    110.47   0.010542     8968          0
h012f012    110.48   0.010525     8969          0
h012f012    110.49   0.010513     8970          0
h012f012     110.5   0.010507     8971          0
h012f012    110.51   0.010505     8972          0
h012f012    110.52   0.010508     8973          0
h012f012    110.53   0.010509     8974          0
h012f012    110.54   0.010488     8975          0
h012f012    110.55   0.010472     8976          0
h012f012    110.56   0.010461     8977          0
h012f012    110.57   0.010453     8978          0
h012f012    110.58    0.01045     8979          0
h012f012    110.59   0.010449     8980          0
h012f012     110.6   0.010451     8981          0
h012f012    110.61   0.010447     8982          0
h012f012    110.62   0.010433     8983          0
h012f012    110.64   0.010421     8984          0
h012f012    110.65   0.010412     8985          0
h012f012    110.66   0.010406     8986          0
h012f012    110.67   0.010402     8987          0
h012f012    110.68     0.0104     8988          0
h012f012    110.69   0.010396     8989          0
h012f012     110.7   0.010393     8990          0
h012f012    110.71   0.010383     8991          0
h012f012    110.72   0.010371     8992          0
h012f012    110.73   0.010361     8993          0
h012f012    110.74   0.010354     8994          0
h012f012    110.75   0.010345     8995          0
h012f012    110.76   0.010338     8996          0
h012f012    110.77    0.01033     8997          0
h012f012    110.78   0.010322     8998          0
h012f012    110.79   0.010314     8999          0
RESTART file=dumps/rdump1
h012f012     110.8   0.010305     9000          0
h012f012    110.81   0.010296     9001          0
h012f012    110.82   0.010288     9002          0
h012f012    110.83   0.010279     9003          0
h012f012    110.84   0.010271     9004          0
h012f012    110.85    0.01026     9005          0
h012f012    110.86   0.010248     9006          0
h012f012    110.87   0.010237     9007          0
h012f012    110.88   0.010227     9008          0
h012f012    110.89   0.010217     9009          0
h012f012     110.9   0.010208     9010          0
h012f012    110.91   0.010199     9011          0
h012f012    110.92   0.010191     9012          0
h012f012    110.93   0.010182     9013          0
LOG      t=110.934 	 divbmax: 138 100 4.26936e-12
h012f012    110.94   0.010172     9014          0
h012f012    110.95   0.010162     9015          0
h012f012    110.96   0.010151     9016          0
h012f012    110.97   0.010141     9017          0
h012f012    110.99   0.010132     9018          0
h012f012       111   0.010122     9019          0
h012f012    111.01   0.010112     9020          0
h012f012    111.02   0.010102     9021          0
h012f012    111.03   0.010088     9022          0
h012f012    111.04   0.010075     9023          0
h012f012    111.05   0.010061     9024          0
h012f012    111.06   0.010048     9025          0
h012f012    111.07   0.010034     9026          0
h012f012    111.08    0.01002     9027          0
h012f012    111.09   0.010006     9028          0
h012f012     111.1  0.0099938     9029          0
h012f012    111.11  0.0099818     9030          0
h012f012    111.12  0.0099697     9031          0
h012f012    111.13  0.0099563     9032          0
h012f012    111.14  0.0099428     9033          0
h012f012    111.15  0.0099293     9034          0
h012f012    111.16  0.0099164     9035          0
h012f012    111.17  0.0099041     9036          0
h012f012    111.18  0.0098921     9037          0
h012f012    111.19  0.0098783     9038          0
h012f012     111.2  0.0098637     9039          0
h012f012    111.21  0.0098466     9040          0
h012f012    111.21  0.0098298     9041          0
h012f012    111.22  0.0098134     9042          0
h012f012    111.23  0.0097967     9043          0
h012f012    111.24  0.0097813     9044          0
h012f012    111.25  0.0097661     9045          0
h012f012    111.26  0.0097504     9046          0
h012f012    111.27  0.0097346     9047          0
h012f012    111.28  0.0097194     9048          0
h012f012    111.29  0.0097045     9049          0
h012f012     111.3  0.0096901     9050          0
h012f012    111.31  0.0096762     9051          0
h012f012    111.32  0.0096636     9052          0
h012f012    111.33  0.0096501     9053          0
h012f012    111.34  0.0096373     9054          0
h012f012    111.35  0.0096209     9055          0
h012f012    111.36  0.0096032     9056          0
h012f012    111.37  0.0095864     9057          0
h012f012    111.38  0.0095706     9058          0
h012f012    111.39  0.0095556     9059          0
h012f012     111.4  0.0095388     9060          0
h012f012    111.41  0.0095234     9061          0
h012f012    111.42   0.009509     9062          0
h012f012    111.43  0.0094956     9063          0
h012f012    111.44   0.009484     9064          0
h012f012    111.45  0.0094746     9065          0
h012f012    111.46  0.0094638     9066          0
h012f012    111.47  0.0094467     9067          0
h012f012    111.47  0.0094294     9068          0
h012f012    111.48  0.0094122     9069          0
h012f012    111.49   0.009397     9070          0
h012f012     111.5  0.0093836     9071          0
h012f012    111.51  0.0093709     9072          0
h012f012    111.52   0.009359     9073          0
h012f012    111.53  0.0093479     9074          0
h012f012    111.54  0.0093371     9075          0
h012f012    111.55  0.0093261     9076          0
h012f012    111.56  0.0093155     9077          0
h012f012    111.57  0.0093057     9078          0
h012f012    111.58  0.0092969     9079          0
h012f012    111.59   0.009287     9080          0
h012f012     111.6  0.0092707     9081          0
h012f012    111.61  0.0092558     9082          0
h012f012    111.62  0.0092431     9083          0
h012f012    111.62  0.0092312     9084          0
h012f012    111.63  0.0092198     9085          0
h012f012    111.64  0.0092093     9086          0
h012f012    111.65  0.0091993     9087          0
h012f012    111.66  0.0091891     9088          0
h012f012    111.67  0.0091799     9089          0
h012f012    111.68  0.0091718     9090          0
h012f012    111.69  0.0091645     9091          0
h012f012     111.7   0.009158     9092          0
h012f012    111.71  0.0091523     9093          0
h012f012    111.72  0.0091473     9094          0
h012f012    111.73   0.009143     9095          0
h012f012    111.73  0.0091403     9096          0
h012f012    111.74  0.0091374     9097          0
h012f012    111.75  0.0091336     9098          0
h012f012    111.76  0.0091313     9099          0
RESTART  file=dumps/rdump0
h012f012    111.77  0.0091303     9100          0
h012f012    111.78  0.0091307     9101          0
h012f012    111.79  0.0091319     9102          0
h012f012     111.8  0.0091341     9103          0
h012f012    111.81  0.0091337     9104          0
h012f012    111.82  0.0091342     9105          0
h012f012    111.83  0.0091357     9106          0
h012f012    111.83  0.0091377     9107          0
h012f012    111.84  0.0091397     9108          0
h012f012    111.85  0.0091428     9109          0
h012f012    111.86   0.009145     9110          0
h012f012    111.87   0.009147     9111          0
h012f012    111.88  0.0091497     9112          0
h012f012    111.89  0.0091524     9113          0
h012f012     111.9  0.0091554     9114          0
h012f012    111.91  0.0091621     9115          0
h012f012    111.92  0.0091685     9116          0
h012f012    111.93  0.0091727     9117          0
h012f012    111.94  0.0091805     9118          0
h012f012    111.94  0.0091892     9119          0
h012f012    111.95  0.0091969     9120          0
h012f012    111.96  0.0092076     9121          0
h012f012    111.97  0.0092173     9122          0
h012f012    111.98  0.0092243     9123          0
h012f012    111.99  0.0092344     9124          0
h012f012       112  0.0092472     9125          0
h012f012    112.01  0.0092593     9126          0
h012f012    112.02  0.0092695     9127          0
h012f012    112.03  0.0092825     9128          0
h012f012    112.04  0.0092988     9129          0
h012f012    112.05   0.009317     9130          0
h012f012    112.06  0.0093324     9131          0
h012f012    112.07  0.0093499     9132          0
h012f012    112.07  0.0093679     9133          0
h012f012    112.08  0.0093877     9134          0
h012f012    112.09  0.0094068     9135          0
h012f012     112.1   0.009423     9136          0
h012f012    112.11  0.0094412     9137          0
h012f012    112.12  0.0094609     9138          0
h012f012    112.13  0.0094831     9139          0
h012f012    112.14  0.0095012     9140          0
h012f012    112.15  0.0095234     9141          0
h012f012    112.16  0.0095456     9142          0
h012f012    112.17  0.0095691     9143          0
h012f012    112.18  0.0095898     9144          0
h012f012    112.19  0.0096181     9145          0
h012f012     112.2  0.0096461     9146          0
h012f012    112.21  0.0096738     9147          0
h012f012    112.22  0.0097051     9148          0
h012f012    112.23  0.0097362     9149          0
h012f012    112.24  0.0097665     9150          0
h012f012    112.25  0.0097997     9151          0
h012f012    112.26  0.0098269     9152          0
h012f012    112.27  0.0098586     9153          0
h012f012    112.28  0.0098866     9154          0
h012f012    112.29  0.0099186     9155          0
h012f012     112.3  0.0099572     9156          0
h012f012    112.31  0.0099937     9157          0
h012f012    112.32   0.010028     9158          0
h012f012    112.33   0.010065     9159          0
h012f012    112.34   0.010107     9160          0
h012f012    112.35   0.010152     9161          0
h012f012    112.36   0.010194     9162          0
h012f012    112.37    0.01024     9163          0
h012f012    112.38   0.010289     9164          0
h012f012    112.39   0.010332     9165          0
h012f012     112.4   0.010381     9166          0
h012f012    112.41   0.010438     9167          0
h012f012    112.42    0.01048     9168          0
h012f012    112.43   0.010528     9169          0
h012f012    112.44   0.010581     9170          0
h012f012    112.45   0.010644     9171          0
h012f012    112.46   0.010702     9172          0
h012f012    112.47   0.010758     9173          0
h012f012    112.48   0.010818     9174          0
h012f012    112.49   0.010884     9175          0
h012f012     112.5   0.010954     9176          0
h012f012    112.51   0.011027     9177          0
h012f012    112.53   0.011096     9178          0
h012f012    112.54   0.011167     9179          0
h012f012    112.55   0.011241     9180          0
h012f012    112.56   0.011316     9181          0
h012f012    112.57   0.011395     9182          0
h012f012    112.58   0.011474     9183          0
h012f012    112.59   0.011555     9184          0
h012f012     112.6   0.011533     9185          0
h012f012    112.62   0.011486     9186          0
h012f012    112.63   0.011453     9187          0
h012f012    112.64    0.01143     9188          0
h012f012    112.65   0.011443     9189          0
h012f012    112.66   0.011455     9190          0
h012f012    112.67   0.011469     9191          0
h012f012    112.68   0.011487     9192          0
h012f012     112.7   0.011512     9193          0
h012f012    112.71   0.011539     9194          0
h012f012    112.72   0.011571     9195          0
h012f012    112.73   0.011606     9196          0
h012f012    112.74    0.01165     9197          0
h012f012    112.75   0.011705     9198          0
h012f012    112.77   0.011766     9199          0
RESTART file=dumps/rdump1
h012f012    112.78   0.011837     9200          0
h012f012    112.79   0.011917     9201          0
h012f012     112.8   0.011948     9202          0
h012f012    112.81    0.01197     9203          0
h012f012    112.83   0.011865     9204          0
h012f012    112.84   0.011841     9205          0
h012f012    112.85   0.011863     9206          0
h012f012    112.86    0.01192     9207          0
h012f012    112.87   0.011864     9208          0
h012f012    112.88   0.011848     9209          0
h012f012     112.9   0.011873     9210          0
h012f012    112.91   0.011921     9211          0
h012f012    112.92   0.011954     9212          0
h012f012    112.93   0.011933     9213          0
LOG      t=112.932 	 divbmax: 175 74 4.40403e-12
h012f012    112.94   0.011955     9214          0
h012f012    112.96   0.011961     9215          0
h012f012    112.97   0.011975     9216          0
h012f012    112.98   0.011983     9217          0
h012f012    112.99   0.011933     9218          0
h012f012       113   0.011892     9219          0
h012f012    113.02   0.011852     9220          0
h012f012    113.03   0.011813     9221          0
h012f012    113.04   0.011767     9222          0
h012f012    113.05   0.011733     9223          0
h012f012    113.06    0.01173     9224          0
h012f012    113.07   0.011747     9225          0
h012f012    113.09    0.01178     9226          0
h012f012     113.1   0.011827     9227          0
h012f012    113.11   0.011871     9228          0
h012f012    113.12   0.011924     9229          0
h012f012    113.13    0.01195     9230          0
h012f012    113.15   0.011947     9231          0
h012f012    113.16   0.011937     9232          0
h012f012    113.17   0.011937     9233          0
h012f012    113.18   0.011934     9234          0
h012f012    113.19   0.011929     9235          0
h012f012    113.21   0.011936     9236          0
h012f012    113.22   0.011937     9237          0
h012f012    113.23   0.011933     9238          0
h012f012    113.24   0.011951     9239          0
h012f012    113.25   0.011954     9240          0
h012f012    113.27    0.01196     9241          0
h012f012    113.28   0.011976     9242          0
h012f012    113.29    0.01198     9243          0
h012f012     113.3   0.011972     9244          0
h012f012    113.31   0.011922     9245          0
h012f012    113.32   0.011901     9246          0
h012f012    113.34    0.01192     9247          0
h012f012    113.35   0.011917     9248          0
h012f012    113.36   0.011929     9249          0
h012f012    113.37   0.011918     9250          0
h012f012    113.38   0.011916     9251          0
h012f012     113.4   0.011915     9252          0
h012f012    113.41   0.011909     9253          0
h012f012    113.42   0.011902     9254          0
h012f012    113.43   0.011866     9255          0
h012f012    113.44   0.011843     9256          0
h012f012    113.46   0.011851     9257          0
h012f012    113.47   0.011858     9258          0
h012f012    113.48   0.011862     9259          0
h012f012    113.49   0.011854     9260          0
h012f012     113.5   0.011853     9261          0
h012f012    113.52   0.011852     9262          0
h012f012    113.53   0.011847     9263          0
h012f012    113.54   0.011826     9264          0
h012f012    113.55   0.011821     9265          0
h012f012    113.56   0.011802     9266          0
h012f012    113.57     0.0118     9267          0
h012f012    113.59   0.011812     9268          0
h012f012     113.6   0.011804     9269          0
h012f012    113.61   0.011804     9270          0
h012f012    113.62   0.011798     9271          0
h012f012    113.63   0.011796     9272          0
h012f012    113.65   0.011753     9273          0
h012f012    113.66   0.011734     9274          0
h012f012    113.67   0.011742     9275          0
h012f012    113.68   0.011748     9276          0
h012f012    113.69   0.011753     9277          0
h012f012     113.7    0.01174     9278          0
h012f012    113.72   0.011728     9279          0
h012f012    113.73    0.01172     9280          0
h012f012    113.74   0.011713     9281          0
h012f012    113.75   0.011685     9282          0
h012f012    113.76   0.011649     9283          0
h012f012    113.77   0.011651     9284          0
h012f012    113.79   0.011661     9285          0
h012f012     113.8   0.011664     9286          0
h012f012    113.81   0.011654     9287          0
h012f012    113.82    0.01165     9288          0
h012f012    113.83    0.01164     9289          0
h012f012    113.84   0.011631     9290          0
h012f012    113.86   0.011623     9291          0
h012f012    113.87   0.011578     9292          0
h012f012    113.88    0.01156     9293          0
h012f012    113.89    0.01157     9294          0
h012f012     113.9    0.01158     9295          0
h012f012    113.91   0.011571     9296          0
h012f012    113.93   0.011572     9297          0
h012f012    113.94   0.011571     9298          0
h012f012    113.95   0.011569     9299          0
RESTART  file=dumps/rdump0
h012f012    113.96   0.011563     9300          0
h012f012    113.97   0.011553     9301          0
h012f012    113.98    0.01151     9302          0
h012f012    113.99   0.011496     9303          0
h012f012    114.01   0.011521     9304          0
h012f012    114.02   0.011522     9305          0
h012f012    114.03    0.01152     9306          0
h012f012    114.04   0.011516     9307          0
h012f012    114.05   0.011519     9308          0
h012f012    114.06   0.011514     9309          0
h012f012    114.08   0.011495     9310          0
h012f012    114.09   0.011487     9311          0
h012f012     114.1   0.011475     9312          0
h012f012    114.11   0.011459     9313          0
h012f012    114.12   0.011478     9314          0
h012f012    114.13   0.011479     9315          0
h012f012    114.14   0.011469     9316          0
h012f012    114.16   0.011462     9317          0
h012f012    114.17   0.011449     9318          0
h012f012    114.18   0.011408     9319          0
h012f012    114.19   0.011388     9320          0
h012f012     114.2   0.011401     9321          0
h012f012    114.21   0.011413     9322          0
h012f012    114.22     0.0114     9323          0
h012f012    114.24   0.011396     9324          0
h012f012    114.25   0.011384     9325          0
h012f012    114.26   0.011371     9326          0
h012f012    114.27   0.011359     9327          0
h012f012    114.28   0.011325     9328          0
h012f012    114.29   0.011299     9329          0
h012f012     114.3   0.011316     9330          0
h012f012    114.31   0.011323     9331          0
h012f012    114.33   0.011314     9332          0
h012f012    114.34   0.011313     9333          0
h012f012    114.35   0.011311     9334          0
h012f012    114.36   0.011304     9335          0
h012f012    114.37   0.011297     9336          0
h012f012    114.38    0.01126     9337          0
h012f012    114.39   0.011234     9338          0
h012f012    114.41   0.011242     9339          0
h012f012    114.42   0.011263     9340          0
h012f012    114.43    0.01125     9341          0
h012f012    114.44    0.01125     9342          0
h012f012    114.45    0.01125     9343          0
h012f012    114.46   0.011238     9344          0
h012f012    114.47   0.011242     9345          0
h012f012    114.48   0.011222     9346          0
h012f012     114.5   0.011187     9347          0
h012f012    114.51   0.011177     9348          0
h012f012    114.52   0.011206     9349          0
h012f012    114.53   0.011214     9350          0
h012f012    114.54   0.011206     9351          0
h012f012    114.55   0.011162     9352          0
h012f012    114.56   0.011145     9353          0
h012f012    114.57   0.011166     9354          0
h012f012    114.58   0.011177     9355          0
h012f012     114.6   0.011167     9356          0
h012f012    114.61   0.011156     9357          0
h012f012    114.62   0.011143     9358          0
h012f012    114.63   0.011136     9359          0
h012f012    114.64   0.011107     9360          0
h012f012    114.65   0.011074     9361          0
h012f012    114.66   0.011061     9362          0
h012f012    114.67    0.01108     9363          0
h012f012    114.68   0.011078     9364          0
h012f012     114.7   0.011064     9365          0
h012f012    114.71   0.011058     9366          0
h012f012    114.72   0.011045     9367          0
h012f012    114.73   0.011034     9368          0
h012f012    114.74   0.011028     9369          0
h012f012    114.75   0.011022     9370          0
h012f012    114.76   0.011016     9371          0
h012f012    114.77      0.011     9372          0
h012f012    114.78   0.010965     9373          0
h012f012    114.79    0.01095     9374          0
h012f012    114.81    0.01094     9375          0
h012f012    114.82   0.010934     9376          0
h012f012    114.83   0.010937     9377          0
h012f012    114.84   0.010953     9378          0
h012f012    114.85   0.010961     9379          0
h012f012    114.86    0.01098     9380          0
h012f012    114.87   0.011001     9381          0
h012f012    114.88   0.011005     9382          0
h012f012    114.89   0.010985     9383          0
h012f012     114.9   0.010978     9384          0
h012f012    114.92   0.010994     9385          0
h012f012    114.93   0.011012     9386          0
LOG      t=114.927 	 divbmax: 135 105 4.31172e-12
h012f012    114.94   0.011005     9387          0
h012f012    114.95   0.011001     9388          0
h012f012    114.96   0.010989     9389          0
h012f012    114.97    0.01095     9390          0
h012f012    114.98   0.010977     9391          0
h012f012    114.99   0.010974     9392          0
h012f012       115   0.010974     9393          0
h012f012    115.01   0.010979     9394          0
h012f012    115.03   0.010987     9395          0
h012f012    115.04   0.010995     9396          0
h012f012    115.05   0.011021     9397          0
h012f012    115.06   0.011068     9398          0
h012f012    115.07   0.011151     9399          0
RESTART file=dumps/rdump1
h012f012    115.08   0.011139     9400          0
h012f012    115.09   0.011142     9401          0
h012f012     115.1    0.01115     9402          0
h012f012    115.11   0.011165     9403          0
h012f012    115.13   0.011193     9404          0
h012f012    115.14   0.011244     9405          0
h012f012    115.15   0.011287     9406          0
h012f012    115.16    0.01128     9407          0
h012f012    115.17   0.011283     9408          0
h012f012    115.18   0.011291     9409          0
h012f012    115.19   0.011307     9410          0
h012f012     115.2   0.011333     9411          0
h012f012    115.22   0.011381     9412          0
h012f012    115.23   0.011442     9413          0
h012f012    115.24   0.011431     9414          0
h012f012    115.25   0.011429     9415          0
h012f012    115.26   0.011437     9416          0
h012f012    115.27   0.011451     9417          0
h012f012    115.28   0.011475     9418          0
h012f012     115.3   0.011518     9419          0
h012f012    115.31    0.01159     9420          0
h012f012    115.32   0.011585     9421          0
h012f012    115.33   0.011579     9422          0
h012f012    115.34   0.011585     9423          0
h012f012    115.35   0.011596     9424          0
h012f012    115.36   0.011617     9425          0
h012f012    115.38   0.011658     9426          0
h012f012    115.39   0.011699     9427          0
h012f012     115.4   0.011736     9428          0
h012f012    115.41   0.011731     9429          0
h012f012    115.42   0.011731     9430          0
h012f012    115.44   0.011743     9431          0
h012f012    115.45   0.011761     9432          0
h012f012    115.46   0.011795     9433          0
h012f012    115.47   0.011836     9434          0
h012f012    115.48   0.011893     9435          0
h012f012    115.49   0.011884     9436          0
h012f012    115.51   0.011881     9437          0
h012f012    115.52   0.011888     9438          0
h012f012    115.53   0.011905     9439          0
h012f012    115.54   0.011935     9440          0
h012f012    115.55   0.011976     9441          0
h012f012    115.57   0.012024     9442          0
h012f012    115.58    0.01204     9443          0
h012f012    115.59   0.012035     9444          0
h012f012     115.6   0.012035     9445          0
h012f012    115.61   0.012049     9446          0
h012f012    115.63   0.012075     9447          0
h012f012    115.64   0.012113     9448          0
h012f012    115.65   0.012121     9449          0
h012f012    115.66   0.012197     9450          0
h012f012    115.67    0.01219     9451          0
h012f012    115.69   0.012189     9452          0
h012f012     115.7   0.012195     9453          0
h012f012    115.71   0.012216     9454          0
h012f012    115.72   0.012256     9455          0
h012f012    115.74   0.012246     9456          0
h012f012    115.75    0.01228     9457          0
h012f012    115.76   0.012274     9458          0
h012f012    115.77   0.012266     9459          0
h012f012    115.78   0.012258     9460          0
h012f012     115.8   0.012256     9461          0
h012f012    115.81   0.012245     9462          0
h012f012    115.82   0.012234     9463          0
h012f012    115.83    0.01223     9464          0
h012f012    115.85   0.012229     9465          0
h012f012    115.86    0.01222     9466          0
h012f012    115.87   0.012207     9467          0
h012f012    115.88   0.012196     9468          0
h012f012    115.89   0.012199     9469          0
h012f012    115.91   0.012195     9470          0
h012f012    115.92   0.012182     9471          0
h012f012    115.93   0.012174     9472          0
h012f012    115.94    0.01217     9473          0
h012f012    115.96    0.01217     9474          0
h012f012    115.97   0.012161     9475          0
h012f012    115.98   0.012148     9476          0
h012f012    115.99   0.012146     9477          0
h012f012       116   0.012151     9478          0
h012f012    116.02   0.012143     9479          0
h012f012    116.03   0.012134     9480          0
h012f012    116.04   0.012136     9481          0
h012f012    116.05   0.012141     9482          0
h012f012    116.06   0.012132     9483          0
h012f012    116.08   0.012131     9484          0
h012f012    116.09   0.012134     9485          0
h012f012     116.1   0.012131     9486          0
h012f012    116.11   0.012131     9487          0
h012f012    116.13   0.012127     9488          0
h012f012    116.14   0.012127     9489          0
h012f012    116.15   0.012118     9490          0
h012f012    116.16   0.012116     9491          0
h012f012    116.17   0.012108     9492          0
h012f012    116.19   0.012093     9493          0
h012f012     116.2   0.012096     9494          0
h012f012    116.21   0.012081     9495          0
h012f012    116.22   0.012086     9496          0
h012f012    116.23   0.012083     9497          0
h012f012    116.25    0.01207     9498          0
h012f012    116.26   0.012057     9499          0
RESTART  file=dumps/rdump0
h012f012    116.27   0.012048     9500          0
h012f012    116.28   0.012034     9501          0
h012f012    116.29   0.012035     9502          0
h012f012    116.31   0.012022     9503          0
h012f012    116.32   0.012026     9504          0
h012f012    116.33   0.012021     9505          0
h012f012    116.34   0.012005     9506          0
h012f012    116.35   0.011992     9507          0
h012f012    116.37   0.011985     9508          0
h012f012    116.38   0.011972     9509          0
h012f012    116.39   0.011971     9510          0
h012f012     116.4   0.011961     9511          0
h012f012    116.41   0.011963     9512          0
h012f012    116.43   0.011949     9513          0
h012f012    116.44   0.011936     9514          0
h012f012    116.45   0.011923     9515          0
h012f012    116.46   0.011917     9516          0
h012f012    116.47   0.011906     9517          0
h012f012    116.49   0.011905     9518          0
h012f012     116.5   0.011897     9519          0
h012f012    116.51   0.011887     9520          0
h012f012    116.52   0.011874     9521          0
h012f012    116.53   0.011863     9522          0
h012f012    116.55    0.01185     9523          0
h012f012    116.56   0.011845     9524          0
h012f012    116.57   0.011837     9525          0
h012f012    116.58   0.011835     9526          0
h012f012    116.59   0.011825     9527          0
h012f012     116.6   0.011809     9528          0
h012f012    116.62   0.011795     9529          0
h012f012    116.63   0.011787     9530          0
h012f012    116.64   0.011773     9531          0
h012f012    116.65    0.01177     9532          0
h012f012    116.66   0.011763     9533          0
h012f012    116.68   0.011764     9534          0
h012f012    116.69   0.011742     9535          0
h0slurmstepd-c-01-05: error: *** JOB 3647910 ON c-01-05 CANCELLED AT 2026-05-05T08:25:15 DUE TO TIME LIMIT ***
